battery_id,cycle_number,time_min,voltage_v,current_a,capacity_ah,state_of_health,temp_c
B0005,1,0.0,4.1552,-2.0,0.0,0.9992,23.46
B0005,1,0.908,4.1566,-2.0,0.02018,0.9992,24.2
B0005,1,1.817,4.1604,-2.0,0.04037,0.9992,23.31
B0005,1,2.725,4.1587,-2.0,0.06055,0.9992,24.2
B0005,1,3.633,4.1467,-2.0,0.08074,0.9992,23.52
B0005,1,4.542,4.1484,-2.0,0.10092,0.9992,24.42
B0005,1,5.45,4.1526,-2.0,0.12111,0.9992,23.43
B0005,1,6.358,4.1499,-2.0,0.14129,0.9992,26.14
B0005,1,7.267,4.1586,-2.0,0.16148,0.9992,24.44
B0005,1,8.175,4.1502,-2.0,0.18166,0.9992,24.12
B0005,1,9.083,4.1531,-2.0,0.20185,0.9992,22.98
B0005,1,9.992,4.1487,-2.0,0.22203,0.9992,22.33
B0005,1,10.9,4.152,-2.0,0.24222,0.9992,24.65
B0005,1,11.808,4.1476,-2.0,0.2624,0.9992,25.57
B0005,1,12.716,4.1439,-2.0,0.28259,0.9992,22.54
B0005,1,13.625,4.1511,-2.0,0.30277,0.9992,25.05
B0005,1,14.533,4.1584,-2.0,0.32296,0.9992,23.54
B0005,1,15.441,4.1554,-2.0,0.34314,0.9992,23.96
B0005,1,16.35,4.1491,-2.0,0.36333,0.9992,24.88
B0005,1,17.258,4.1533,-2.0,0.38351,0.9992,22.42
B0005,1,18.166,4.1574,-2.0,0.4037,0.9992,25.38
B0005,1,19.075,4.1469,-2.0,0.42388,0.9992,24.4
B0005,1,19.983,4.1525,-2.0,0.44407,0.9992,24.26
B0005,1,20.891,4.1472,-2.0,0.46425,0.9992,23.33
B0005,1,21.8,4.1499,-2.0,0.48444,0.9992,25.17
B0005,1,22.708,4.1527,-2.0,0.50462,0.9992,23.63
B0005,1,23.616,4.1539,-2.0,0.52481,0.9992,21.15
B0005,1,24.525,4.1557,-2.0,0.54499,0.9992,22.26
B0005,1,25.433,4.1482,-2.0,0.56518,0.9992,22.88
B0005,1,26.341,4.1435,-2.0,0.58536,0.9992,25.16
B0005,1,27.25,4.1477,-2.0,0.60555,0.9992,24.35
B0005,1,28.158,4.1498,-2.0,0.62573,0.9992,24.48
B0005,1,29.066,4.1504,-2.0,0.64592,0.9992,22.72
B0005,1,29.975,4.155,-2.0,0.6661,0.9992,23.51
B0005,1,30.883,4.1422,-2.0,0.68629,0.9992,23.57
B0005,1,31.791,4.1575,-2.0,0.70647,0.9992,24.85
B0005,1,32.699,4.1482,-2.0,0.72665,0.9992,23.65
B0005,1,33.608,4.1484,-2.0,0.74684,0.9992,26.08
B0005,1,34.516,4.1519,-2.0,0.76702,0.9992,24.43
B0005,1,35.424,4.1551,-2.0,0.78721,0.9992,24.24
B0005,1,36.333,4.1487,-2.0,0.80739,0.9992,23.8
B0005,1,37.241,4.1496,-2.0,0.82758,0.9992,23.96
B0005,1,38.149,4.1536,-2.0,0.84776,0.9992,24.05
B0005,1,39.058,4.1536,-2.0,0.86795,0.9992,23.92
B0005,1,39.966,4.1503,-2.0,0.88813,0.9992,22.0
B0005,1,40.874,4.1544,-2.0,0.90832,0.9992,24.35
B0005,1,41.783,4.1547,-2.0,0.9285,0.9992,21.1
B0005,1,42.691,4.1601,-2.0,0.94869,0.9992,23.86
B0005,1,43.599,4.1551,-2.0,0.96887,0.9992,22.96
B0005,1,44.508,4.1524,-2.0,0.98906,0.9992,22.95
B0005,1,45.416,4.146,-2.0,1.00924,0.9992,25.91
B0005,1,46.324,4.1478,-2.0,1.02943,0.9992,24.22
B0005,1,47.233,4.1527,-2.0,1.04961,0.9992,24.5
B0005,1,48.141,4.1485,-2.0,1.0698,0.9992,24.36
B0005,1,49.049,4.159,-2.0,1.08998,0.9992,23.94
B0005,1,49.958,4.1468,-2.0,1.11017,0.9992,25.05
B0005,1,50.866,4.1499,-2.0,1.13035,0.9992,25.19
B0005,1,51.774,4.1455,-2.0,1.15054,0.9992,22.86
B0005,1,52.682,4.1477,-2.0,1.17072,0.9992,22.85
B0005,1,53.591,4.1372,-2.0,1.19091,0.9992,23.25
B0005,1,54.499,4.1302,-2.0,1.21109,0.9992,24.33
B0005,1,55.407,4.1252,-2.0,1.23128,0.9992,24.42
B0005,1,56.316,4.1223,-2.0,1.25146,0.9992,24.45
B0005,1,57.224,4.1004,-2.0,1.27165,0.9992,24.96
B0005,1,58.132,4.0907,-2.0,1.29183,0.9992,22.77
B0005,1,59.041,4.0654,-2.0,1.31202,0.9992,24.7
B0005,1,59.949,4.0314,-2.0,1.3322,0.9992,25.38
B0005,1,60.857,3.9937,-2.0,1.35239,0.9992,24.13
B0005,1,61.766,3.9442,-2.0,1.37257,0.9992,24.02
B0005,1,62.674,3.8776,-2.0,1.39276,0.9992,22.56
B0005,1,63.582,3.8148,-2.0,1.41294,0.9992,23.15
B0005,1,64.491,3.711,-2.0,1.43312,0.9992,21.85
B0005,1,65.399,3.6081,-2.0,1.45331,0.9992,22.68
B0005,1,66.307,3.5038,-2.0,1.47349,0.9992,25.01
B0005,1,67.216,3.3697,-2.0,1.49368,0.9992,26.25
B0005,1,68.124,3.2546,-2.0,1.51386,0.9992,23.68
B0005,1,69.032,3.1184,-2.0,1.53405,0.9992,26.29
B0005,1,69.941,3.0147,-2.0,1.55423,0.9992,22.35
B0005,1,70.849,2.9306,-2.0,1.57442,0.9992,26.44
B0005,1,71.757,2.8507,-2.0,1.5946,0.9992,24.56
B0005,1,72.665,2.7795,-2.0,1.61479,0.9992,24.85
B0005,1,73.574,2.7264,-2.0,1.63497,0.9992,24.28
B0005,1,74.482,2.6809,-2.0,1.65516,0.9992,23.94
B0005,1,75.39,2.644,-2.0,1.67534,0.9992,23.72
B0005,1,76.299,2.6144,-2.0,1.69553,0.9992,23.9
B0005,1,77.207,2.5992,-2.0,1.71571,0.9992,22.9
B0005,1,78.115,2.5909,-2.0,1.7359,0.9992,25.39
B0005,1,79.024,2.5842,-2.0,1.75608,0.9992,22.43
B0005,1,79.932,2.5668,-2.0,1.77627,0.9992,24.94
B0005,1,80.84,2.5611,-2.0,1.79645,0.9992,23.78
B0005,1,81.749,2.5645,-2.0,1.81664,0.9992,23.03
B0005,1,82.657,2.5592,-2.0,1.83682,0.9992,22.67
B0005,1,83.565,2.5534,-2.0,1.85701,0.9992,24.32
B0005,1,84.474,2.5467,-2.0,1.87719,0.9992,24.44
B0005,1,85.382,2.5533,-2.0,1.89738,0.9992,24.55
B0005,1,86.29,2.5536,-2.0,1.91756,0.9992,25.36
B0005,1,87.199,2.5525,-2.0,1.93775,0.9992,23.57
B0005,1,88.107,2.552,-2.0,1.95793,0.9992,24.54
B0005,1,89.015,2.5512,-2.0,1.97812,0.9992,24.04
B0005,1,89.924,2.5472,-2.0,1.9983,0.9992,23.34
B0005,42,0.0,4.143,-2.0,0.0,0.9649,25.75
B0005,42,0.877,4.1438,-2.0,0.01949,0.9649,23.31
B0005,42,1.754,4.1464,-2.0,0.03899,0.9649,24.89
B0005,42,2.632,4.1485,-2.0,0.05848,0.9649,25.25
B0005,42,3.509,4.1466,-2.0,0.07797,0.9649,24.28
B0005,42,4.386,4.1458,-2.0,0.09747,0.9649,26.15
B0005,42,5.263,4.1441,-2.0,0.11696,0.9649,24.31
B0005,42,6.14,4.1532,-2.0,0.13645,0.9649,24.41
B0005,42,7.018,4.1491,-2.0,0.15595,0.9649,23.87
B0005,42,7.895,4.1502,-2.0,0.17544,0.9649,23.85
B0005,42,8.772,4.1548,-2.0,0.19494,0.9649,26.21
B0005,42,9.649,4.1472,-2.0,0.21443,0.9649,22.63
B0005,42,10.527,4.1496,-2.0,0.23392,0.9649,26.58
B0005,42,11.404,4.146,-2.0,0.25342,0.9649,25.64
B0005,42,12.281,4.1584,-2.0,0.27291,0.9649,23.45
B0005,42,13.158,4.1528,-2.0,0.2924,0.9649,25.63
B0005,42,14.035,4.1481,-2.0,0.3119,0.9649,23.8
B0005,42,14.913,4.1471,-2.0,0.33139,0.9649,22.99
B0005,42,15.79,4.1468,-2.0,0.35088,0.9649,22.78
B0005,42,16.667,4.1502,-2.0,0.37038,0.9649,23.23
B0005,42,17.544,4.1512,-2.0,0.38987,0.9649,22.44
B0005,42,18.421,4.1517,-2.0,0.40936,0.9649,24.83
B0005,42,19.299,4.14,-2.0,0.42886,0.9649,24.37
B0005,42,20.176,4.1561,-2.0,0.44835,0.9649,22.79
B0005,42,21.053,4.1584,-2.0,0.46784,0.9649,24.42
B0005,42,21.93,4.1465,-2.0,0.48734,0.9649,23.94
B0005,42,22.807,4.1528,-2.0,0.50683,0.9649,24.08
B0005,42,23.685,4.1527,-2.0,0.52633,0.9649,23.08
B0005,42,24.562,4.1508,-2.0,0.54582,0.9649,22.59
B0005,42,25.439,4.1494,-2.0,0.56531,0.9649,23.1
B0005,42,26.316,4.1463,-2.0,0.58481,0.9649,25.24
B0005,42,27.193,4.1554,-2.0,0.6043,0.9649,24.61
B0005,42,28.071,4.1445,-2.0,0.62379,0.9649,23.68
B0005,42,28.948,4.156,-2.0,0.64329,0.9649,24.14
B0005,42,29.825,4.1616,-2.0,0.66278,0.9649,24.39
B0005,42,30.702,4.1509,-2.0,0.68227,0.9649,23.69
B0005,42,31.58,4.1506,-2.0,0.70177,0.9649,23.85
B0005,42,32.457,4.1534,-2.0,0.72126,0.9649,24.96
B0005,42,33.334,4.1459,-2.0,0.74075,0.9649,22.67
B0005,42,34.211,4.1407,-2.0,0.76025,0.9649,24.51
B0005,42,35.088,4.1443,-2.0,0.77974,0.9649,21.85
B0005,42,35.966,4.1517,-2.0,0.79923,0.9649,26.49
B0005,42,36.843,4.1496,-2.0,0.81873,0.9649,24.84
B0005,42,37.72,4.1499,-2.0,0.83822,0.9649,23.9
B0005,42,38.597,4.1539,-2.0,0.85772,0.9649,23.71
B0005,42,39.474,4.1505,-2.0,0.87721,0.9649,24.32
B0005,42,40.352,4.1455,-2.0,0.8967,0.9649,24.99
B0005,42,41.229,4.1476,-2.0,0.9162,0.9649,23.24
B0005,42,42.106,4.1507,-2.0,0.93569,0.9649,23.1
B0005,42,42.983,4.1475,-2.0,0.95518,0.9649,23.99
B0005,42,43.86,4.1519,-2.0,0.97468,0.9649,24.47
B0005,42,44.738,4.1452,-2.0,0.99417,0.9649,24.82
B0005,42,45.615,4.1507,-2.0,1.01366,0.9649,24.56
B0005,42,46.492,4.1418,-2.0,1.03316,0.9649,22.69
B0005,42,47.369,4.1338,-2.0,1.05265,0.9649,23.69
B0005,42,48.246,4.1325,-2.0,1.07214,0.9649,23.81
B0005,42,49.124,4.1312,-2.0,1.09164,0.9649,24.53
B0005,42,50.001,4.1244,-2.0,1.11113,0.9649,24.49
B0005,42,50.878,4.117,-2.0,1.13062,0.9649,22.02
B0005,42,51.755,4.1015,-2.0,1.15012,0.9649,23.86
B0005,42,52.633,4.0863,-2.0,1.16961,0.9649,24.6
B0005,42,53.51,4.0821,-2.0,1.18911,0.9649,25.22
B0005,42,54.387,4.0503,-2.0,1.2086,0.9649,25.49
B0005,42,55.264,4.0225,-2.0,1.22809,0.9649,23.66
B0005,42,56.141,3.9812,-2.0,1.24759,0.9649,23.7
B0005,42,57.019,3.9355,-2.0,1.26708,0.9649,24.17
B0005,42,57.896,3.8806,-2.0,1.28657,0.9649,24.0
B0005,42,58.773,3.8126,-2.0,1.30607,0.9649,25.19
B0005,42,59.65,3.7335,-2.0,1.32556,0.9649,22.52
B0005,42,60.527,3.6228,-2.0,1.34505,0.9649,24.93
B0005,42,61.405,3.5257,-2.0,1.36455,0.9649,23.78
B0005,42,62.282,3.4169,-2.0,1.38404,0.9649,22.2
B0005,42,63.159,3.3128,-2.0,1.40353,0.9649,24.76
B0005,42,64.036,3.1961,-2.0,1.42303,0.9649,21.41
B0005,42,64.913,3.0909,-2.0,1.44252,0.9649,24.39
B0005,42,65.791,2.9899,-2.0,1.46201,0.9649,24.18
B0005,42,66.668,2.9121,-2.0,1.48151,0.9649,24.58
B0005,42,67.545,2.8398,-2.0,1.501,0.9649,23.03
B0005,42,68.422,2.7842,-2.0,1.5205,0.9649,23.84
B0005,42,69.299,2.7282,-2.0,1.53999,0.9649,23.07
B0005,42,70.177,2.6861,-2.0,1.55948,0.9649,23.12
B0005,42,71.054,2.6557,-2.0,1.57898,0.9649,25.71
B0005,42,71.931,2.6248,-2.0,1.59847,0.9649,22.39
B0005,42,72.808,2.6197,-2.0,1.61796,0.9649,23.79
B0005,42,73.686,2.5942,-2.0,1.63746,0.9649,25.04
B0005,42,74.563,2.5831,-2.0,1.65695,0.9649,25.83
B0005,42,75.44,2.5808,-2.0,1.67644,0.9649,23.51
B0005,42,76.317,2.5815,-2.0,1.69594,0.9649,23.39
B0005,42,77.194,2.5694,-2.0,1.71543,0.9649,24.3
B0005,42,78.072,2.5684,-2.0,1.73492,0.9649,25.56
B0005,42,78.949,2.5591,-2.0,1.75442,0.9649,23.25
B0005,42,79.826,2.5591,-2.0,1.77391,0.9649,23.32
B0005,42,80.703,2.5652,-2.0,1.7934,0.9649,24.14
B0005,42,81.58,2.552,-2.0,1.8129,0.9649,24.18
B0005,42,82.458,2.5462,-2.0,1.83239,0.9649,23.03
B0005,42,83.335,2.5582,-2.0,1.85189,0.9649,23.34
B0005,42,84.212,2.5464,-2.0,1.87138,0.9649,24.54
B0005,42,85.089,2.5572,-2.0,1.89087,0.9649,24.72
B0005,42,85.966,2.5559,-2.0,1.91037,0.9649,23.24
B0005,42,86.844,2.5436,-2.0,1.92986,0.9649,25.5
B0005,84,0.0,4.1484,-2.0,0.0,0.9311,23.75
B0005,84,0.846,4.1566,-2.0,0.01881,0.9311,24.56
B0005,84,1.693,4.1523,-2.0,0.03762,0.9311,26.17
B0005,84,2.539,4.1468,-2.0,0.05643,0.9311,24.93
B0005,84,3.386,4.1503,-2.0,0.07524,0.9311,24.27
B0005,84,4.232,4.1576,-2.0,0.09405,0.9311,24.51
B0005,84,5.079,4.1527,-2.0,0.11286,0.9311,25.07
B0005,84,5.925,4.1482,-2.0,0.13167,0.9311,23.16
B0005,84,6.772,4.1448,-2.0,0.15048,0.9311,22.03
B0005,84,7.618,4.1603,-2.0,0.16929,0.9311,22.9
B0005,84,8.464,4.1489,-2.0,0.1881,0.9311,23.72
B0005,84,9.311,4.1515,-2.0,0.20691,0.9311,24.82
B0005,84,10.157,4.1543,-2.0,0.22572,0.9311,23.42
B0005,84,11.004,4.1492,-2.0,0.24453,0.9311,24.28
B0005,84,11.85,4.1488,-2.0,0.26334,0.9311,25.61
B0005,84,12.697,4.1525,-2.0,0.28215,0.9311,24.73
B0005,84,13.543,4.1533,-2.0,0.30096,0.9311,25.17
B0005,84,14.39,4.1509,-2.0,0.31977,0.9311,22.7
B0005,84,15.236,4.152,-2.0,0.33858,0.9311,23.35
B0005,84,16.082,4.1474,-2.0,0.35739,0.9311,24.59
B0005,84,16.929,4.1562,-2.0,0.3762,0.9311,24.02
B0005,84,17.775,4.1515,-2.0,0.39501,0.9311,25.7
B0005,84,18.622,4.1512,-2.0,0.41382,0.9311,26.6
B0005,84,19.468,4.1528,-2.0,0.43263,0.9311,22.24
B0005,84,20.315,4.1538,-2.0,0.45144,0.9311,24.38
B0005,84,21.161,4.1564,-2.0,0.47025,0.9311,24.67
B0005,84,22.008,4.1493,-2.0,0.48906,0.9311,22.78
B0005,84,22.854,4.1489,-2.0,0.50787,0.9311,23.15
B0005,84,23.7,4.1471,-2.0,0.52668,0.9311,24.59
B0005,84,24.547,4.1583,-2.0,0.54549,0.9311,24.39
B0005,84,25.393,4.144,-2.0,0.5643,0.9311,24.44
B0005,84,26.24,4.1559,-2.0,0.58311,0.9311,23.39
B0005,84,27.086,4.1492,-2.0,0.60192,0.9311,24.01
B0005,84,27.933,4.1459,-2.0,0.62073,0.9311,24.65
B0005,84,28.779,4.1492,-2.0,0.63954,0.9311,24.42
B0005,84,29.626,4.1453,-2.0,0.65835,0.9311,23.56
B0005,84,30.472,4.1533,-2.0,0.67716,0.9311,23.63
B0005,84,31.318,4.1582,-2.0,0.69597,0.9311,23.6
B0005,84,32.165,4.1506,-2.0,0.71478,0.9311,24.93
B0005,84,33.011,4.1423,-2.0,0.73359,0.9311,22.24
B0005,84,33.858,4.1415,-2.0,0.7524,0.9311,25.26
B0005,84,34.704,4.1462,-2.0,0.77121,0.9311,26.56
B0005,84,35.551,4.1458,-2.0,0.79002,0.9311,24.18
B0005,84,36.397,4.1559,-2.0,0.80883,0.9311,26.01
B0005,84,37.244,4.1579,-2.0,0.82764,0.9311,25.21
B0005,84,38.09,4.1521,-2.0,0.84644,0.9311,24.59
B0005,84,38.936,4.1499,-2.0,0.86525,0.9311,23.45
B0005,84,39.783,4.1408,-2.0,0.88406,0.9311,24.0
B0005,84,40.629,4.1425,-2.0,0.90287,0.9311,23.55
B0005,84,41.476,4.1449,-2.0,0.92168,0.9311,24.96
B0005,84,42.322,4.1393,-2.0,0.94049,0.9311,25.48
B0005,84,43.169,4.1299,-2.0,0.9593,0.9311,23.81
B0005,84,44.015,4.1278,-2.0,0.97811,0.9311,22.13
B0005,84,44.862,4.1255,-2.0,0.99692,0.9311,23.88
B0005,84,45.708,4.1265,-2.0,1.01573,0.9311,24.63
B0005,84,46.554,4.1049,-2.0,1.03454,0.9311,25.85
B0005,84,47.401,4.1047,-2.0,1.05335,0.9311,24.58
B0005,84,48.247,4.0829,-2.0,1.07216,0.9311,23.04
B0005,84,49.094,4.0636,-2.0,1.09097,0.9311,25.09
B0005,84,49.94,4.0516,-2.0,1.10978,0.9311,25.54
B0005,84,50.787,4.0105,-2.0,1.12859,0.9311,22.88
B0005,84,51.633,3.9775,-2.0,1.1474,0.9311,22.23
B0005,84,52.48,3.9341,-2.0,1.16621,0.9311,23.85
B0005,84,53.326,3.8767,-2.0,1.18502,0.9311,22.41
B0005,84,54.172,3.8182,-2.0,1.20383,0.9311,23.47
B0005,84,55.019,3.736,-2.0,1.22264,0.9311,21.13
B0005,84,55.865,3.658,-2.0,1.24145,0.9311,25.77
B0005,84,56.712,3.5741,-2.0,1.26026,0.9311,23.54
B0005,84,57.558,3.4637,-2.0,1.27907,0.9311,24.47
B0005,84,58.405,3.3588,-2.0,1.29788,0.9311,24.3
B0005,84,59.251,3.2643,-2.0,1.31669,0.9311,25.23
B0005,84,60.098,3.1596,-2.0,1.3355,0.9311,23.8
B0005,84,60.944,3.0613,-2.0,1.35431,0.9311,23.17
B0005,84,61.79,2.9784,-2.0,1.37312,0.9311,24.37
B0005,84,62.637,2.9076,-2.0,1.39193,0.9311,23.2
B0005,84,63.483,2.8444,-2.0,1.41074,0.9311,23.73
B0005,84,64.33,2.7807,-2.0,1.42955,0.9311,23.25
B0005,84,65.176,2.7221,-2.0,1.44836,0.9311,24.88
B0005,84,66.023,2.6996,-2.0,1.46717,0.9311,23.72
B0005,84,66.869,2.6654,-2.0,1.48598,0.9311,24.52
B0005,84,67.716,2.6324,-2.0,1.50479,0.9311,23.47
B0005,84,68.562,2.6245,-2.0,1.5236,0.9311,22.75
B0005,84,69.408,2.6064,-2.0,1.54241,0.9311,22.64
B0005,84,70.255,2.5951,-2.0,1.56122,0.9311,23.96
B0005,84,71.101,2.5751,-2.0,1.58003,0.9311,25.16
B0005,84,71.948,2.5721,-2.0,1.59884,0.9311,23.19
B0005,84,72.794,2.5709,-2.0,1.61765,0.9311,25.15
B0005,84,73.641,2.5603,-2.0,1.63646,0.9311,24.06
B0005,84,74.487,2.5641,-2.0,1.65527,0.9311,24.69
B0005,84,75.334,2.5601,-2.0,1.67408,0.9311,23.63
B0005,84,76.18,2.553,-2.0,1.69289,0.9311,24.09
B0005,84,77.026,2.5501,-2.0,1.7117,0.9311,21.08
B0005,84,77.873,2.5564,-2.0,1.73051,0.9311,24.9
B0005,84,78.719,2.5415,-2.0,1.74932,0.9311,22.99
B0005,84,79.566,2.5556,-2.0,1.76813,0.9311,26.06
B0005,84,80.412,2.5521,-2.0,1.78694,0.9311,23.27
B0005,84,81.259,2.5506,-2.0,1.80575,0.9311,25.37
B0005,84,82.105,2.5479,-2.0,1.82456,0.9311,23.2
B0005,84,82.952,2.5485,-2.0,1.84337,0.9311,23.05
B0005,84,83.798,2.5513,-2.0,1.86218,0.9311,25.62
B0005,126,0.0,4.1516,-2.0,0.0,0.8984,23.75
B0005,126,0.817,4.1485,-2.0,0.01815,0.8984,22.44
B0005,126,1.634,4.1544,-2.0,0.0363,0.8984,23.92
B0005,126,2.45,4.1491,-2.0,0.05445,0.8984,27.19
B0005,126,3.267,4.1515,-2.0,0.0726,0.8984,23.25
B0005,126,4.084,4.1479,-2.0,0.09075,0.8984,25.15
B0005,126,4.901,4.1506,-2.0,0.1089,0.8984,22.56
B0005,126,5.717,4.1546,-2.0,0.12705,0.8984,23.33
B0005,126,6.534,4.1594,-2.0,0.1452,0.8984,25.08
B0005,126,7.351,4.1478,-2.0,0.16335,0.8984,25.28
B0005,126,8.168,4.1503,-2.0,0.1815,0.8984,24.85
B0005,126,8.984,4.1524,-2.0,0.19965,0.8984,23.15
B0005,126,9.801,4.1468,-2.0,0.2178,0.8984,25.03
B0005,126,10.618,4.1483,-2.0,0.23595,0.8984,23.6
B0005,126,11.435,4.1452,-2.0,0.2541,0.8984,24.42
B0005,126,12.251,4.1603,-2.0,0.27225,0.8984,22.93
B0005,126,13.068,4.1501,-2.0,0.2904,0.8984,25.41
B0005,126,13.885,4.1496,-2.0,0.30855,0.8984,24.45
B0005,126,14.702,4.1447,-2.0,0.3267,0.8984,24.43
B0005,126,15.518,4.149,-2.0,0.34485,0.8984,24.99
B0005,126,16.335,4.1559,-2.0,0.363,0.8984,26.59
B0005,126,17.152,4.1529,-2.0,0.38115,0.8984,24.33
B0005,126,17.969,4.1509,-2.0,0.3993,0.8984,23.65
B0005,126,18.785,4.1516,-2.0,0.41746,0.8984,23.7
B0005,126,19.602,4.1508,-2.0,0.43561,0.8984,25.32
B0005,126,20.419,4.1449,-2.0,0.45376,0.8984,25.14
B0005,126,21.236,4.1565,-2.0,0.47191,0.8984,23.88
B0005,126,22.053,4.1393,-2.0,0.49006,0.8984,23.39
B0005,126,22.869,4.1563,-2.0,0.50821,0.8984,23.98
B0005,126,23.686,4.1448,-2.0,0.52636,0.8984,23.5
B0005,126,24.503,4.154,-2.0,0.54451,0.8984,24.55
B0005,126,25.32,4.1485,-2.0,0.56266,0.8984,23.63
B0005,126,26.136,4.1477,-2.0,0.58081,0.8984,23.08
B0005,126,26.953,4.1576,-2.0,0.59896,0.8984,23.68
B0005,126,27.77,4.1555,-2.0,0.61711,0.8984,25.52
B0005,126,28.587,4.1542,-2.0,0.63526,0.8984,23.57
B0005,126,29.403,4.151,-2.0,0.65341,0.8984,23.98
B0005,126,30.22,4.1442,-2.0,0.67156,0.8984,24.32
B0005,126,31.037,4.1425,-2.0,0.68971,0.8984,25.19
B0005,126,31.854,4.1456,-2.0,0.70786,0.8984,24.2
B0005,126,32.67,4.1488,-2.0,0.72601,0.8984,23.74
B0005,126,33.487,4.1496,-2.0,0.74416,0.8984,23.53
B0005,126,34.304,4.1502,-2.0,0.76231,0.8984,22.65
B0005,126,35.121,4.1453,-2.0,0.78046,0.8984,25.94
B0005,126,35.937,4.1382,-2.0,0.79861,0.8984,23.32
B0005,126,36.754,4.1439,-2.0,0.81676,0.8984,24.18
B0005,126,37.571,4.1408,-2.0,0.83491,0.8984,24.49
B0005,126,38.388,4.1393,-2.0,0.85306,0.8984,25.11
B0005,126,39.204,4.1344,-2.0,0.87121,0.8984,23.76
B0005,126,40.021,4.131,-2.0,0.88936,0.8984,25.9
B0005,126,40.838,4.121,-2.0,0.90751,0.8984,23.03
B0005,126,41.655,4.1197,-2.0,0.92566,0.8984,23.88
B0005,126,42.472,4.0938,-2.0,0.94381,0.8984,24.85
B0005,126,43.288,4.0902,-2.0,0.96196,0.8984,23.91
B0005,126,44.105,4.0797,-2.0,0.98011,0.8984,24.19
B0005,126,44.922,4.0631,-2.0,0.99826,0.8984,23.56
B0005,126,45.739,4.0393,-2.0,1.01641,0.8984,23.74
B0005,126,46.555,4.0123,-2.0,1.03456,0.8984,24.62
B0005,126,47.372,3.9697,-2.0,1.05271,0.8984,25.09
B0005,126,48.189,3.9305,-2.0,1.07086,0.8984,24.81
B0005,126,49.006,3.8859,-2.0,1.08901,0.8984,25.84
B0005,126,49.822,3.8253,-2.0,1.10716,0.8984,23.65
B0005,126,50.639,3.7598,-2.0,1.12531,0.8984,23.7
B0005,126,51.456,3.6887,-2.0,1.14346,0.8984,22.38
B0005,126,52.273,3.5964,-2.0,1.16161,0.8984,22.93
B0005,126,53.089,3.5168,-2.0,1.17976,0.8984,25.71
B0005,126,53.906,3.4175,-2.0,1.19791,0.8984,23.83
B0005,126,54.723,3.3224,-2.0,1.21606,0.8984,25.16
B0005,126,55.54,3.2222,-2.0,1.23421,0.8984,24.24
B0005,126,56.356,3.14,-2.0,1.25237,0.8984,24.5
B0005,126,57.173,3.05,-2.0,1.27052,0.8984,25.0
B0005,126,57.99,2.957,-2.0,1.28867,0.8984,24.68
B0005,126,58.807,2.897,-2.0,1.30682,0.8984,22.17
B0005,126,59.623,2.8415,-2.0,1.32497,0.8984,25.37
B0005,126,60.44,2.7857,-2.0,1.34312,0.8984,24.95
B0005,126,61.257,2.75,-2.0,1.36127,0.8984,25.31
B0005,126,62.074,2.7131,-2.0,1.37942,0.8984,24.74
B0005,126,62.891,2.6747,-2.0,1.39757,0.8984,22.4
B0005,126,63.707,2.6482,-2.0,1.41572,0.8984,23.16
B0005,126,64.524,2.6401,-2.0,1.43387,0.8984,23.82
B0005,126,65.341,2.6136,-2.0,1.45202,0.8984,24.55
B0005,126,66.158,2.6002,-2.0,1.47017,0.8984,25.7
B0005,126,66.974,2.5864,-2.0,1.48832,0.8984,24.19
B0005,126,67.791,2.5775,-2.0,1.50647,0.8984,22.68
B0005,126,68.608,2.5716,-2.0,1.52462,0.8984,23.96
B0005,126,69.425,2.5673,-2.0,1.54277,0.8984,23.31
B0005,126,70.241,2.5583,-2.0,1.56092,0.8984,23.92
B0005,126,71.058,2.5546,-2.0,1.57907,0.8984,24.76
B0005,126,71.875,2.5599,-2.0,1.59722,0.8984,22.54
B0005,126,72.692,2.556,-2.0,1.61537,0.8984,23.25
B0005,126,73.508,2.5575,-2.0,1.63352,0.8984,25.34
B0005,126,74.325,2.5453,-2.0,1.65167,0.8984,24.12
B0005,126,75.142,2.5529,-2.0,1.66982,0.8984,24.67
B0005,126,75.959,2.5539,-2.0,1.68797,0.8984,23.25
B0005,126,76.775,2.5507,-2.0,1.70612,0.8984,23.2
B0005,126,77.592,2.5572,-2.0,1.72427,0.8984,24.02
B0005,126,78.409,2.5609,-2.0,1.74242,0.8984,23.94
B0005,126,79.226,2.5476,-2.0,1.76057,0.8984,22.49
B0005,126,80.042,2.5418,-2.0,1.77872,0.8984,22.42
B0005,126,80.859,2.552,-2.0,1.79687,0.8984,24.51
B0005,168,0.0,4.1421,-2.0,0.0,0.8669,24.9
B0005,168,0.788,4.1476,-2.0,0.01751,0.8669,24.15
B0005,168,1.576,4.1581,-2.0,0.03503,0.8669,24.9
B0005,168,2.364,4.1487,-2.0,0.05254,0.8669,23.11
B0005,168,3.152,4.1392,-2.0,0.07005,0.8669,23.28
B0005,168,3.941,4.1489,-2.0,0.08757,0.8669,23.01
B0005,168,4.729,4.1493,-2.0,0.10508,0.8669,24.08
B0005,168,5.517,4.1489,-2.0,0.1226,0.8669,23.35
B0005,168,6.305,4.1508,-2.0,0.14011,0.8669,24.44
B0005,168,7.093,4.1445,-2.0,0.15762,0.8669,25.41
B0005,168,7.881,4.1495,-2.0,0.17514,0.8669,24.02
B0005,168,8.669,4.1535,-2.0,0.19265,0.8669,24.23
B0005,168,9.457,4.1548,-2.0,0.21016,0.8669,24.29
B0005,168,10.246,4.1469,-2.0,0.22768,0.8669,24.36
B0005,168,11.034,4.1443,-2.0,0.24519,0.8669,24.11
B0005,168,11.822,4.1498,-2.0,0.26271,0.8669,23.79
B0005,168,12.61,4.1493,-2.0,0.28022,0.8669,22.12
B0005,168,13.398,4.1472,-2.0,0.29773,0.8669,24.09
B0005,168,14.186,4.1508,-2.0,0.31525,0.8669,22.97
B0005,168,14.974,4.1563,-2.0,0.33276,0.8669,23.13
B0005,168,15.762,4.1548,-2.0,0.35027,0.8669,24.43
B0005,168,16.55,4.1467,-2.0,0.36779,0.8669,25.78
B0005,168,17.339,4.1439,-2.0,0.3853,0.8669,24.92
B0005,168,18.127,4.1549,-2.0,0.40281,0.8669,23.33
B0005,168,18.915,4.1568,-2.0,0.42033,0.8669,23.75
B0005,168,19.703,4.1512,-2.0,0.43784,0.8669,24.26
B0005,168,20.491,4.149,-2.0,0.45536,0.8669,24.81
B0005,168,21.279,4.1536,-2.0,0.47287,0.8669,22.25
B0005,168,22.067,4.1561,-2.0,0.49038,0.8669,22.34
B0005,168,22.855,4.1546,-2.0,0.5079,0.8669,25.13
B0005,168,23.643,4.1438,-2.0,0.52541,0.8669,23.59
B0005,168,24.432,4.1436,-2.0,0.54292,0.8669,23.79
B0005,168,25.22,4.1473,-2.0,0.56044,0.8669,24.78
B0005,168,26.008,4.1552,-2.0,0.57795,0.8669,25.4
B0005,168,26.796,4.1454,-2.0,0.59547,0.8669,23.79
B0005,168,27.584,4.1394,-2.0,0.61298,0.8669,23.19
B0005,168,28.372,4.1521,-2.0,0.63049,0.8669,25.62
B0005,168,29.16,4.1404,-2.0,0.64801,0.8669,23.41
B0005,168,29.948,4.1456,-2.0,0.66552,0.8669,24.28
B0005,168,30.737,4.1406,-2.0,0.68303,0.8669,24.42
B0005,168,31.525,4.1409,-2.0,0.70055,0.8669,23.99
B0005,168,32.313,4.1444,-2.0,0.71806,0.8669,24.01
B0005,168,33.101,4.1374,-2.0,0.73557,0.8669,23.89
B0005,168,33.889,4.1365,-2.0,0.75309,0.8669,23.63
B0005,168,34.677,4.1324,-2.0,0.7706,0.8669,25.6
B0005,168,35.465,4.1324,-2.0,0.78812,0.8669,23.7
B0005,168,36.253,4.128,-2.0,0.80563,0.8669,23.67
B0005,168,37.041,4.1242,-2.0,0.82314,0.8669,24.37
B0005,168,37.83,4.11,-2.0,0.84066,0.8669,24.45
B0005,168,38.618,4.093,-2.0,0.85817,0.8669,22.87
B0005,168,39.406,4.083,-2.0,0.87568,0.8669,24.14
B0005,168,40.194,4.083,-2.0,0.8932,0.8669,26.23
B0005,168,40.982,4.0596,-2.0,0.91071,0.8669,24.5
B0005,168,41.77,4.0255,-2.0,0.92823,0.8669,23.46
B0005,168,42.558,4.004,-2.0,0.94574,0.8669,23.38
B0005,168,43.346,3.9753,-2.0,0.96325,0.8669,23.53
B0005,168,44.134,3.9282,-2.0,0.98077,0.8669,24.75
B0005,168,44.923,3.888,-2.0,0.99828,0.8669,24.24
B0005,168,45.711,3.8515,-2.0,1.01579,0.8669,23.08
B0005,168,46.499,3.7687,-2.0,1.03331,0.8669,23.71
B0005,168,47.287,3.7193,-2.0,1.05082,0.8669,25.96
B0005,168,48.075,3.6329,-2.0,1.06833,0.8669,24.5
B0005,168,48.863,3.5556,-2.0,1.08585,0.8669,23.89
B0005,168,49.651,3.4853,-2.0,1.10336,0.8669,22.5
B0005,168,50.439,3.3844,-2.0,1.12088,0.8669,24.47
B0005,168,51.228,3.2989,-2.0,1.13839,0.8669,24.1
B0005,168,52.016,3.2067,-2.0,1.1559,0.8669,23.61
B0005,168,52.804,3.1217,-2.0,1.17342,0.8669,23.66
B0005,168,53.592,3.0439,-2.0,1.19093,0.8669,23.63
B0005,168,54.38,2.9697,-2.0,1.20844,0.8669,23.97
B0005,168,55.168,2.9079,-2.0,1.22596,0.8669,23.95
B0005,168,55.956,2.8356,-2.0,1.24347,0.8669,25.26
B0005,168,56.744,2.7898,-2.0,1.26099,0.8669,23.35
B0005,168,57.532,2.7483,-2.0,1.2785,0.8669,25.37
B0005,168,58.321,2.7043,-2.0,1.29601,0.8669,27.14
B0005,168,59.109,2.6899,-2.0,1.31353,0.8669,24.22
B0005,168,59.897,2.6591,-2.0,1.33104,0.8669,24.29
B0005,168,60.685,2.6412,-2.0,1.34855,0.8669,24.65
B0005,168,61.473,2.6244,-2.0,1.36607,0.8669,24.09
B0005,168,62.261,2.6067,-2.0,1.38358,0.8669,23.85
B0005,168,63.049,2.5955,-2.0,1.40109,0.8669,25.13
B0005,168,63.837,2.5903,-2.0,1.41861,0.8669,21.06
B0005,168,64.625,2.5832,-2.0,1.43612,0.8669,24.19
B0005,168,65.414,2.5739,-2.0,1.45364,0.8669,23.61
B0005,168,66.202,2.5749,-2.0,1.47115,0.8669,24.95
B0005,168,66.99,2.5615,-2.0,1.48866,0.8669,24.41
B0005,168,67.778,2.5575,-2.0,1.50618,0.8669,22.62
B0005,168,68.566,2.5567,-2.0,1.52369,0.8669,24.86
B0005,168,69.354,2.5627,-2.0,1.5412,0.8669,24.51
B0005,168,70.142,2.5599,-2.0,1.55872,0.8669,24.52
B0005,168,70.93,2.5518,-2.0,1.57623,0.8669,24.43
B0005,168,71.719,2.558,-2.0,1.59375,0.8669,24.75
B0005,168,72.507,2.5592,-2.0,1.61126,0.8669,24.71
B0005,168,73.295,2.5543,-2.0,1.62877,0.8669,25.07
B0005,168,74.083,2.5519,-2.0,1.64629,0.8669,23.12
B0005,168,74.871,2.5508,-2.0,1.6638,0.8669,23.26
B0005,168,75.659,2.5479,-2.0,1.68131,0.8669,23.86
B0005,168,76.447,2.5471,-2.0,1.69883,0.8669,23.69
B0005,168,77.235,2.5414,-2.0,1.71634,0.8669,24.21
B0005,168,78.023,2.5507,-2.0,1.73385,0.8669,23.18
B0006,1,0.0,4.1424,-2.0,0.0,0.9991,21.17
B0006,1,0.908,4.1477,-2.0,0.02018,0.9991,24.55
B0006,1,1.817,4.156,-2.0,0.04037,0.9991,23.54
B0006,1,2.725,4.1479,-2.0,0.06055,0.9991,25.15
B0006,1,3.633,4.1407,-2.0,0.08074,0.9991,23.61
B0006,1,4.541,4.151,-2.0,0.10092,0.9991,24.45
B0006,1,5.45,4.1475,-2.0,0.1211,0.9991,24.03
B0006,1,6.358,4.1376,-2.0,0.14129,0.9991,23.34
B0006,1,7.266,4.1523,-2.0,0.16147,0.9991,23.02
B0006,1,8.174,4.1503,-2.0,0.18165,0.9991,24.45
B0006,1,9.083,4.1483,-2.0,0.20184,0.9991,24.17
B0006,1,9.991,4.1452,-2.0,0.22202,0.9991,23.79
B0006,1,10.899,4.1531,-2.0,0.24221,0.9991,24.16
B0006,1,11.808,4.1471,-2.0,0.26239,0.9991,24.22
B0006,1,12.716,4.1536,-2.0,0.28257,0.9991,21.95
B0006,1,13.624,4.1558,-2.0,0.30276,0.9991,23.66
B0006,1,14.532,4.1521,-2.0,0.32294,0.9991,25.2
B0006,1,15.441,4.1431,-2.0,0.34313,0.9991,23.29
B0006,1,16.349,4.1486,-2.0,0.36331,0.9991,23.22
B0006,1,17.257,4.1587,-2.0,0.38349,0.9991,23.14
B0006,1,18.165,4.1472,-2.0,0.40368,0.9991,24.2
B0006,1,19.074,4.144,-2.0,0.42386,0.9991,23.6
B0006,1,19.982,4.1516,-2.0,0.44404,0.9991,23.67
B0006,1,20.89,4.1495,-2.0,0.46423,0.9991,23.47
B0006,1,21.799,4.1424,-2.0,0.48441,0.9991,24.32
B0006,1,22.707,4.1588,-2.0,0.5046,0.9991,24.02
B0006,1,23.615,4.1511,-2.0,0.52478,0.9991,24.69
B0006,1,24.523,4.1437,-2.0,0.54496,0.9991,25.7
B0006,1,25.432,4.151,-2.0,0.56515,0.9991,25.63
B0006,1,26.34,4.1463,-2.0,0.58533,0.9991,25.82
B0006,1,27.248,4.1539,-2.0,0.60552,0.9991,24.55
B0006,1,28.156,4.1512,-2.0,0.6257,0.9991,23.75
B0006,1,29.065,4.156,-2.0,0.64588,0.9991,24.14
B0006,1,29.973,4.1402,-2.0,0.66607,0.9991,22.88
B0006,1,30.881,4.1491,-2.0,0.68625,0.9991,24.31
B0006,1,31.79,4.1497,-2.0,0.70643,0.9991,25.22
B0006,1,32.698,4.1402,-2.0,0.72662,0.9991,24.14
B0006,1,33.606,4.1409,-2.0,0.7468,0.9991,24.76
B0006,1,34.514,4.1495,-2.0,0.76699,0.9991,24.42
B0006,1,35.423,4.1457,-2.0,0.78717,0.9991,25.28
B0006,1,36.331,4.1552,-2.0,0.80735,0.9991,24.58
B0006,1,37.239,4.1493,-2.0,0.82754,0.9991,24.58
B0006,1,38.147,4.1464,-2.0,0.84772,0.9991,24.86
B0006,1,39.056,4.1581,-2.0,0.86791,0.9991,25.07
B0006,1,39.964,4.1462,-2.0,0.88809,0.9991,24.36
B0006,1,40.872,4.1433,-2.0,0.90827,0.9991,24.57
B0006,1,41.781,4.152,-2.0,0.92846,0.9991,22.13
B0006,1,42.689,4.1438,-2.0,0.94864,0.9991,23.72
B0006,1,43.597,4.148,-2.0,0.96882,0.9991,22.79
B0006,1,44.505,4.1513,-2.0,0.98901,0.9991,24.25
B0006,1,45.414,4.1481,-2.0,1.00919,0.9991,23.24
B0006,1,46.322,4.154,-2.0,1.02938,0.9991,25.66
B0006,1,47.23,4.1459,-2.0,1.04956,0.9991,23.39
B0006,1,48.138,4.1502,-2.0,1.06974,0.9991,23.64
B0006,1,49.047,4.1462,-2.0,1.08993,0.9991,24.74
B0006,1,49.955,4.1363,-2.0,1.11011,0.9991,25.32
B0006,1,50.863,4.1447,-2.0,1.1303,0.9991,23.59
B0006,1,51.772,4.1418,-2.0,1.15048,0.9991,23.96
B0006,1,52.68,4.1308,-2.0,1.17066,0.9991,25.49
B0006,1,53.588,4.1359,-2.0,1.19085,0.9991,24.44
B0006,1,54.496,4.1353,-2.0,1.21103,0.9991,22.98
B0006,1,55.405,4.1259,-2.0,1.23121,0.9991,23.73
B0006,1,56.313,4.1184,-2.0,1.2514,0.9991,21.87
B0006,1,57.221,4.1011,-2.0,1.27158,0.9991,23.4
B0006,1,58.129,4.0868,-2.0,1.29177,0.9991,24.47
B0006,1,59.038,4.0587,-2.0,1.31195,0.9991,23.29
B0006,1,59.946,4.0321,-2.0,1.33213,0.9991,23.1
B0006,1,60.854,3.9984,-2.0,1.35232,0.9991,23.63
B0006,1,61.763,3.9303,-2.0,1.3725,0.9991,23.63
B0006,1,62.671,3.8775,-2.0,1.39269,0.9991,22.37
B0006,1,63.579,3.8003,-2.0,1.41287,0.9991,24.11
B0006,1,64.487,3.7222,-2.0,1.43305,0.9991,24.31
B0006,1,65.396,3.6078,-2.0,1.45324,0.9991,24.46
B0006,1,66.304,3.4928,-2.0,1.47342,0.9991,23.31
B0006,1,67.212,3.3669,-2.0,1.4936,0.9991,22.25
B0006,1,68.12,3.2473,-2.0,1.51379,0.9991,24.16
B0006,1,69.029,3.13,-2.0,1.53397,0.9991,23.58
B0006,1,69.937,3.0166,-2.0,1.55416,0.9991,24.61
B0006,1,70.845,2.9186,-2.0,1.57434,0.9991,24.78
B0006,1,71.754,2.8385,-2.0,1.59452,0.9991,23.25
B0006,1,72.662,2.769,-2.0,1.61471,0.9991,23.5
B0006,1,73.57,2.7274,-2.0,1.63489,0.9991,24.52
B0006,1,74.478,2.6852,-2.0,1.65508,0.9991,24.52
B0006,1,75.387,2.6422,-2.0,1.67526,0.9991,23.67
B0006,1,76.295,2.6189,-2.0,1.69544,0.9991,25.33
B0006,1,77.203,2.5981,-2.0,1.71563,0.9991,24.89
B0006,1,78.111,2.5945,-2.0,1.73581,0.9991,25.83
B0006,1,79.02,2.5775,-2.0,1.75599,0.9991,24.71
B0006,1,79.928,2.5832,-2.0,1.77618,0.9991,23.38
B0006,1,80.836,2.5584,-2.0,1.79636,0.9991,22.12
B0006,1,81.745,2.5654,-2.0,1.81655,0.9991,22.12
B0006,1,82.653,2.5568,-2.0,1.83673,0.9991,24.44
B0006,1,83.561,2.5573,-2.0,1.85691,0.9991,24.43
B0006,1,84.469,2.5558,-2.0,1.8771,0.9991,25.28
B0006,1,85.378,2.5487,-2.0,1.89728,0.9991,23.32
B0006,1,86.286,2.5487,-2.0,1.91747,0.9991,24.83
B0006,1,87.194,2.5563,-2.0,1.93765,0.9991,24.45
B0006,1,88.102,2.5573,-2.0,1.95783,0.9991,22.82
B0006,1,89.011,2.5593,-2.0,1.97802,0.9991,25.52
B0006,1,89.919,2.5544,-2.0,1.9982,0.9991,25.78
B0006,42,0.0,4.1417,-2.0,0.0,0.9629,23.48
B0006,42,0.875,4.1463,-2.0,0.01945,0.9629,24.72
B0006,42,1.751,4.1447,-2.0,0.03891,0.9629,24.76
B0006,42,2.626,4.1569,-2.0,0.05836,0.9629,24.7
B0006,42,3.501,4.1514,-2.0,0.07781,0.9629,23.01
B0006,42,4.377,4.1458,-2.0,0.09726,0.9629,25.25
B0006,42,5.252,4.1539,-2.0,0.11672,0.9629,23.96
B0006,42,6.128,4.1479,-2.0,0.13617,0.9629,21.97
B0006,42,7.003,4.1446,-2.0,0.15562,0.9629,25.91
B0006,42,7.878,4.1436,-2.0,0.17507,0.9629,24.19
B0006,42,8.754,4.155,-2.0,0.19453,0.9629,22.75
B0006,42,9.629,4.1509,-2.0,0.21398,0.9629,24.94
B0006,42,10.504,4.1501,-2.0,0.23343,0.9629,26.87
B0006,42,11.38,4.1417,-2.0,0.25288,0.9629,25.06
B0006,42,12.255,4.1491,-2.0,0.27234,0.9629,24.77
B0006,42,13.131,4.1522,-2.0,0.29179,0.9629,23.27
B0006,42,14.006,4.1511,-2.0,0.31124,0.9629,22.14
B0006,42,14.881,4.153,-2.0,0.33069,0.9629,24.3
B0006,42,15.757,4.1532,-2.0,0.35015,0.9629,25.06
B0006,42,16.632,4.1518,-2.0,0.3696,0.9629,24.15
B0006,42,17.507,4.1456,-2.0,0.38905,0.9629,23.29
B0006,42,18.383,4.1559,-2.0,0.40851,0.9629,25.44
B0006,42,19.258,4.1488,-2.0,0.42796,0.9629,24.05
B0006,42,20.133,4.1455,-2.0,0.44741,0.9629,25.17
B0006,42,21.009,4.1533,-2.0,0.46686,0.9629,25.94
B0006,42,21.884,4.1456,-2.0,0.48632,0.9629,23.62
B0006,42,22.76,4.1512,-2.0,0.50577,0.9629,24.65
B0006,42,23.635,4.1489,-2.0,0.52522,0.9629,23.13
B0006,42,24.51,4.1544,-2.0,0.54467,0.9629,24.72
B0006,42,25.386,4.1454,-2.0,0.56413,0.9629,25.36
B0006,42,26.261,4.1558,-2.0,0.58358,0.9629,24.13
B0006,42,27.136,4.1504,-2.0,0.60303,0.9629,24.55
B0006,42,28.012,4.1457,-2.0,0.62248,0.9629,24.03
B0006,42,28.887,4.1392,-2.0,0.64194,0.9629,24.88
B0006,42,29.763,4.1421,-2.0,0.66139,0.9629,25.5
B0006,42,30.638,4.1483,-2.0,0.68084,0.9629,23.79
B0006,42,31.513,4.1468,-2.0,0.70029,0.9629,23.71
B0006,42,32.389,4.157,-2.0,0.71975,0.9629,21.51
B0006,42,33.264,4.1563,-2.0,0.7392,0.9629,24.34
B0006,42,34.139,4.1438,-2.0,0.75865,0.9629,22.92
B0006,42,35.015,4.1582,-2.0,0.77811,0.9629,23.05
B0006,42,35.89,4.1439,-2.0,0.79756,0.9629,25.14
B0006,42,36.765,4.1513,-2.0,0.81701,0.9629,23.06
B0006,42,37.641,4.1505,-2.0,0.83646,0.9629,22.97
B0006,42,38.516,4.1548,-2.0,0.85592,0.9629,25.06
B0006,42,39.392,4.1517,-2.0,0.87537,0.9629,24.36
B0006,42,40.267,4.1576,-2.0,0.89482,0.9629,24.0
B0006,42,41.142,4.1424,-2.0,0.91427,0.9629,24.45
B0006,42,42.018,4.1582,-2.0,0.93373,0.9629,22.99
B0006,42,42.893,4.1453,-2.0,0.95318,0.9629,24.42
B0006,42,43.768,4.1459,-2.0,0.97263,0.9629,23.02
B0006,42,44.644,4.1506,-2.0,0.99208,0.9629,26.32
B0006,42,45.519,4.1443,-2.0,1.01154,0.9629,23.1
B0006,42,46.395,4.1334,-2.0,1.03099,0.9629,24.26
B0006,42,47.27,4.1438,-2.0,1.05044,0.9629,24.48
B0006,42,48.145,4.1346,-2.0,1.0699,0.9629,23.41
B0006,42,49.021,4.1242,-2.0,1.08935,0.9629,24.83
B0006,42,49.896,4.1277,-2.0,1.1088,0.9629,22.45
B0006,42,50.771,4.1226,-2.0,1.12825,0.9629,24.57
B0006,42,51.647,4.1105,-2.0,1.14771,0.9629,22.66
B0006,42,52.522,4.0821,-2.0,1.16716,0.9629,23.85
B0006,42,53.397,4.0727,-2.0,1.18661,0.9629,25.8
B0006,42,54.273,4.0495,-2.0,1.20606,0.9629,23.76
B0006,42,55.148,4.01,-2.0,1.22552,0.9629,25.23
B0006,42,56.024,3.9713,-2.0,1.24497,0.9629,25.63
B0006,42,56.899,3.9262,-2.0,1.26442,0.9629,25.59
B0006,42,57.774,3.8716,-2.0,1.28387,0.9629,23.86
B0006,42,58.65,3.7945,-2.0,1.30333,0.9629,23.66
B0006,42,59.525,3.716,-2.0,1.32278,0.9629,24.08
B0006,42,60.4,3.6164,-2.0,1.34223,0.9629,23.83
B0006,42,61.276,3.5159,-2.0,1.36168,0.9629,21.87
B0006,42,62.151,3.4079,-2.0,1.38114,0.9629,23.02
B0006,42,63.027,3.2877,-2.0,1.40059,0.9629,22.31
B0006,42,63.902,3.1746,-2.0,1.42004,0.9629,22.64
B0006,42,64.777,3.0763,-2.0,1.4395,0.9629,25.95
B0006,42,65.653,2.9828,-2.0,1.45895,0.9629,24.18
B0006,42,66.528,2.9043,-2.0,1.4784,0.9629,24.13
B0006,42,67.403,2.8308,-2.0,1.49785,0.9629,22.8
B0006,42,68.279,2.7792,-2.0,1.51731,0.9629,25.81
B0006,42,69.154,2.7151,-2.0,1.53676,0.9629,22.98
B0006,42,70.029,2.6832,-2.0,1.55621,0.9629,23.04
B0006,42,70.905,2.6563,-2.0,1.57566,0.9629,23.27
B0006,42,71.78,2.6405,-2.0,1.59512,0.9629,25.19
B0006,42,72.656,2.612,-2.0,1.61457,0.9629,25.03
B0006,42,73.531,2.6019,-2.0,1.63402,0.9629,23.44
B0006,42,74.406,2.5812,-2.0,1.65347,0.9629,24.08
B0006,42,75.282,2.5811,-2.0,1.67293,0.9629,24.14
B0006,42,76.157,2.5624,-2.0,1.69238,0.9629,23.2
B0006,42,77.032,2.565,-2.0,1.71183,0.9629,23.92
B0006,42,77.908,2.5715,-2.0,1.73128,0.9629,22.61
B0006,42,78.783,2.5613,-2.0,1.75074,0.9629,25.49
B0006,42,79.659,2.568,-2.0,1.77019,0.9629,23.6
B0006,42,80.534,2.5575,-2.0,1.78964,0.9629,24.57
B0006,42,81.409,2.5548,-2.0,1.8091,0.9629,23.9
B0006,42,82.285,2.5551,-2.0,1.82855,0.9629,21.47
B0006,42,83.16,2.5556,-2.0,1.848,0.9629,24.13
B0006,42,84.035,2.5505,-2.0,1.86745,0.9629,26.05
B0006,42,84.911,2.5479,-2.0,1.88691,0.9629,23.6
B0006,42,85.786,2.5609,-2.0,1.90636,0.9629,23.17
B0006,42,86.661,2.548,-2.0,1.92581,0.9629,23.85
B0006,84,0.0,4.1542,-2.0,0.0,0.9272,24.21
B0006,84,0.843,4.1435,-2.0,0.01873,0.9272,23.47
B0006,84,1.686,4.147,-2.0,0.03746,0.9272,23.92
B0006,84,2.529,4.1521,-2.0,0.05619,0.9272,24.42
B0006,84,3.372,4.1411,-2.0,0.07492,0.9272,25.06
B0006,84,4.214,4.1513,-2.0,0.09366,0.9272,25.38
B0006,84,5.057,4.1522,-2.0,0.11239,0.9272,25.1
B0006,84,5.9,4.1523,-2.0,0.13112,0.9272,25.35
B0006,84,6.743,4.1526,-2.0,0.14985,0.9272,23.9
B0006,84,7.586,4.1614,-2.0,0.16858,0.9272,24.89
B0006,84,8.429,4.1529,-2.0,0.18731,0.9272,22.72
B0006,84,9.272,4.1436,-2.0,0.20604,0.9272,24.29
B0006,84,10.115,4.1507,-2.0,0.22477,0.9272,23.39
B0006,84,10.958,4.1507,-2.0,0.2435,0.9272,25.59
B0006,84,11.801,4.1535,-2.0,0.26223,0.9272,22.86
B0006,84,12.643,4.1494,-2.0,0.28097,0.9272,23.2
B0006,84,13.486,4.1481,-2.0,0.2997,0.9272,23.59
B0006,84,14.329,4.1476,-2.0,0.31843,0.9272,22.74
B0006,84,15.172,4.1494,-2.0,0.33716,0.9272,23.44
B0006,84,16.015,4.1353,-2.0,0.35589,0.9272,26.05
B0006,84,16.858,4.1554,-2.0,0.37462,0.9272,23.62
B0006,84,17.701,4.1501,-2.0,0.39335,0.9272,22.83
B0006,84,18.544,4.1585,-2.0,0.41208,0.9272,25.9
B0006,84,19.387,4.1508,-2.0,0.43081,0.9272,25.02
B0006,84,20.23,4.1509,-2.0,0.44955,0.9272,22.66
B0006,84,21.072,4.1479,-2.0,0.46828,0.9272,24.13
B0006,84,21.915,4.1477,-2.0,0.48701,0.9272,23.78
B0006,84,22.758,4.1495,-2.0,0.50574,0.9272,23.92
B0006,84,23.601,4.1502,-2.0,0.52447,0.9272,22.94
B0006,84,24.444,4.1464,-2.0,0.5432,0.9272,22.72
B0006,84,25.287,4.1548,-2.0,0.56193,0.9272,21.89
B0006,84,26.13,4.1557,-2.0,0.58066,0.9272,25.39
B0006,84,26.973,4.1484,-2.0,0.59939,0.9272,21.4
B0006,84,27.816,4.148,-2.0,0.61812,0.9272,23.94
B0006,84,28.659,4.1447,-2.0,0.63686,0.9272,23.48
B0006,84,29.501,4.1574,-2.0,0.65559,0.9272,24.66
B0006,84,30.344,4.145,-2.0,0.67432,0.9272,22.4
B0006,84,31.187,4.1479,-2.0,0.69305,0.9272,23.79
B0006,84,32.03,4.1519,-2.0,0.71178,0.9272,23.46
B0006,84,32.873,4.1518,-2.0,0.73051,0.9272,25.94
B0006,84,33.716,4.1531,-2.0,0.74924,0.9272,23.95
B0006,84,34.559,4.1478,-2.0,0.76797,0.9272,23.64
B0006,84,35.402,4.1543,-2.0,0.7867,0.9272,23.37
B0006,84,36.245,4.1481,-2.0,0.80544,0.9272,24.05
B0006,84,37.087,4.1448,-2.0,0.82417,0.9272,22.63
B0006,84,37.93,4.1481,-2.0,0.8429,0.9272,23.94
B0006,84,38.773,4.148,-2.0,0.86163,0.9272,23.47
B0006,84,39.616,4.1503,-2.0,0.88036,0.9272,23.12
B0006,84,40.459,4.151,-2.0,0.89909,0.9272,22.25
B0006,84,41.302,4.1424,-2.0,0.91782,0.9272,24.48
B0006,84,42.145,4.1335,-2.0,0.93655,0.9272,24.42
B0006,84,42.988,4.1402,-2.0,0.95528,0.9272,21.78
B0006,84,43.831,4.1316,-2.0,0.97401,0.9272,21.51
B0006,84,44.674,4.1183,-2.0,0.99275,0.9272,25.63
B0006,84,45.516,4.1125,-2.0,1.01148,0.9272,22.83
B0006,84,46.359,4.1046,-2.0,1.03021,0.9272,26.07
B0006,84,47.202,4.0839,-2.0,1.04894,0.9272,22.95
B0006,84,48.045,4.0846,-2.0,1.06767,0.9272,25.86
B0006,84,48.888,4.0565,-2.0,1.0864,0.9272,22.76
B0006,84,49.731,4.0422,-2.0,1.10513,0.9272,25.59
B0006,84,50.574,4.0038,-2.0,1.12386,0.9272,23.19
B0006,84,51.417,3.9615,-2.0,1.14259,0.9272,23.84
B0006,84,52.26,3.9163,-2.0,1.16133,0.9272,25.45
B0006,84,53.103,3.8627,-2.0,1.18006,0.9272,22.92
B0006,84,53.945,3.7989,-2.0,1.19879,0.9272,24.31
B0006,84,54.788,3.7191,-2.0,1.21752,0.9272,25.47
B0006,84,55.631,3.6243,-2.0,1.23625,0.9272,23.96
B0006,84,56.474,3.5333,-2.0,1.25498,0.9272,22.43
B0006,84,57.317,3.4381,-2.0,1.27371,0.9272,26.51
B0006,84,58.16,3.3247,-2.0,1.29244,0.9272,23.97
B0006,84,59.003,3.2353,-2.0,1.31117,0.9272,24.12
B0006,84,59.846,3.1334,-2.0,1.3299,0.9272,22.7
B0006,84,60.689,3.0435,-2.0,1.34864,0.9272,23.24
B0006,84,61.532,2.9484,-2.0,1.36737,0.9272,25.19
B0006,84,62.374,2.8909,-2.0,1.3861,0.9272,24.05
B0006,84,63.217,2.8241,-2.0,1.40483,0.9272,25.07
B0006,84,64.06,2.7708,-2.0,1.42356,0.9272,24.9
B0006,84,64.903,2.7239,-2.0,1.44229,0.9272,25.31
B0006,84,65.746,2.6907,-2.0,1.46102,0.9272,24.19
B0006,84,66.589,2.6534,-2.0,1.47975,0.9272,24.29
B0006,84,67.432,2.6321,-2.0,1.49848,0.9272,23.36
B0006,84,68.275,2.6134,-2.0,1.51722,0.9272,22.93
B0006,84,69.118,2.6133,-2.0,1.53595,0.9272,25.33
B0006,84,69.96,2.6007,-2.0,1.55468,0.9272,22.78
B0006,84,70.803,2.5823,-2.0,1.57341,0.9272,22.71
B0006,84,71.646,2.5714,-2.0,1.59214,0.9272,23.08
B0006,84,72.489,2.5755,-2.0,1.61087,0.9272,23.6
B0006,84,73.332,2.5703,-2.0,1.6296,0.9272,24.6
B0006,84,74.175,2.5731,-2.0,1.64833,0.9272,22.52
B0006,84,75.018,2.5653,-2.0,1.66706,0.9272,25.15
B0006,84,75.861,2.5521,-2.0,1.68579,0.9272,25.01
B0006,84,76.704,2.5571,-2.0,1.70453,0.9272,23.77
B0006,84,77.547,2.55,-2.0,1.72326,0.9272,23.28
B0006,84,78.389,2.5635,-2.0,1.74199,0.9272,24.0
B0006,84,79.232,2.5564,-2.0,1.76072,0.9272,23.21
B0006,84,80.075,2.548,-2.0,1.77945,0.9272,25.08
B0006,84,80.918,2.5447,-2.0,1.79818,0.9272,23.58
B0006,84,81.761,2.5513,-2.0,1.81691,0.9272,24.11
B0006,84,82.604,2.55,-2.0,1.83564,0.9272,24.4
B0006,84,83.447,2.5542,-2.0,1.85437,0.9272,24.73
B0006,126,0.0,4.1451,-2.0,0.0,0.8928,23.72
B0006,126,0.812,4.156,-2.0,0.01804,0.8928,24.89
B0006,126,1.623,4.1431,-2.0,0.03607,0.8928,24.35
B0006,126,2.435,4.1401,-2.0,0.05411,0.8928,24.05
B0006,126,3.247,4.1595,-2.0,0.07214,0.8928,23.05
B0006,126,4.058,4.1458,-2.0,0.09018,0.8928,24.76
B0006,126,4.87,4.1423,-2.0,0.10822,0.8928,23.37
B0006,126,5.681,4.153,-2.0,0.12625,0.8928,23.37
B0006,126,6.493,4.1488,-2.0,0.14429,0.8928,24.74
B0006,126,7.305,4.1521,-2.0,0.16233,0.8928,24.27
B0006,126,8.116,4.1483,-2.0,0.18036,0.8928,24.37
B0006,126,8.928,4.1494,-2.0,0.1984,0.8928,24.46
B0006,126,9.74,4.1475,-2.0,0.21643,0.8928,23.82
B0006,126,10.551,4.145,-2.0,0.23447,0.8928,23.96
B0006,126,11.363,4.1459,-2.0,0.25251,0.8928,22.89
B0006,126,12.174,4.1513,-2.0,0.27054,0.8928,24.21
B0006,126,12.986,4.1539,-2.0,0.28858,0.8928,23.57
B0006,126,13.798,4.152,-2.0,0.30662,0.8928,24.55
B0006,126,14.609,4.1522,-2.0,0.32465,0.8928,23.17
B0006,126,15.421,4.1507,-2.0,0.34269,0.8928,24.36
B0006,126,16.233,4.15,-2.0,0.36072,0.8928,21.91
B0006,126,17.044,4.1508,-2.0,0.37876,0.8928,26.21
B0006,126,17.856,4.1482,-2.0,0.3968,0.8928,23.27
B0006,126,18.667,4.1518,-2.0,0.41483,0.8928,24.31
B0006,126,19.479,4.1559,-2.0,0.43287,0.8928,22.74
B0006,126,20.291,4.1536,-2.0,0.45091,0.8928,24.59
B0006,126,21.102,4.1492,-2.0,0.46894,0.8928,24.34
B0006,126,21.914,4.155,-2.0,0.48698,0.8928,24.87
B0006,126,22.726,4.1441,-2.0,0.50501,0.8928,24.82
B0006,126,23.537,4.1494,-2.0,0.52305,0.8928,24.07
B0006,126,24.349,4.1501,-2.0,0.54109,0.8928,23.85
B0006,126,25.161,4.1556,-2.0,0.55912,0.8928,23.92
B0006,126,25.972,4.1439,-2.0,0.57716,0.8928,23.61
B0006,126,26.784,4.1503,-2.0,0.5952,0.8928,25.23
B0006,126,27.595,4.1523,-2.0,0.61323,0.8928,23.15
B0006,126,28.407,4.1615,-2.0,0.63127,0.8928,24.26
B0006,126,29.219,4.1552,-2.0,0.6493,0.8928,23.85
B0006,126,30.03,4.1511,-2.0,0.66734,0.8928,24.84
B0006,126,30.842,4.1542,-2.0,0.68538,0.8928,25.06
B0006,126,31.654,4.1519,-2.0,0.70341,0.8928,23.68
B0006,126,32.465,4.144,-2.0,0.72145,0.8928,24.33
B0006,126,33.277,4.1507,-2.0,0.73949,0.8928,23.78
B0006,126,34.088,4.1503,-2.0,0.75752,0.8928,25.45
B0006,126,34.9,4.1391,-2.0,0.77556,0.8928,23.16
B0006,126,35.712,4.1413,-2.0,0.79359,0.8928,24.31
B0006,126,36.523,4.1372,-2.0,0.81163,0.8928,25.35
B0006,126,37.335,4.1393,-2.0,0.82967,0.8928,24.04
B0006,126,38.147,4.1266,-2.0,0.8477,0.8928,22.68
B0006,126,38.958,4.1309,-2.0,0.86574,0.8928,21.87
B0006,126,39.77,4.1291,-2.0,0.88378,0.8928,23.84
B0006,126,40.582,4.1334,-2.0,0.90181,0.8928,26.31
B0006,126,41.393,4.1077,-2.0,0.91985,0.8928,23.89
B0006,126,42.205,4.1029,-2.0,0.93788,0.8928,25.7
B0006,126,43.016,4.0764,-2.0,0.95592,0.8928,22.21
B0006,126,43.828,4.0648,-2.0,0.97396,0.8928,24.58
B0006,126,44.64,4.0498,-2.0,0.99199,0.8928,25.07
B0006,126,45.451,4.016,-2.0,1.01003,0.8928,21.68
B0006,126,46.263,3.9955,-2.0,1.02807,0.8928,23.17
B0006,126,47.075,3.9437,-2.0,1.0461,0.8928,24.15
B0006,126,47.886,3.9131,-2.0,1.06414,0.8928,23.88
B0006,126,48.698,3.8542,-2.0,1.08217,0.8928,23.84
B0006,126,49.509,3.7934,-2.0,1.10021,0.8928,22.65
B0006,126,50.321,3.7219,-2.0,1.11825,0.8928,24.52
B0006,126,51.133,3.649,-2.0,1.13628,0.8928,24.17
B0006,126,51.944,3.5573,-2.0,1.15432,0.8928,23.82
B0006,126,52.756,3.4607,-2.0,1.17236,0.8928,24.18
B0006,126,53.568,3.3847,-2.0,1.19039,0.8928,22.53
B0006,126,54.379,3.2798,-2.0,1.20843,0.8928,24.33
B0006,126,55.191,3.1961,-2.0,1.22646,0.8928,23.55
B0006,126,56.002,3.0977,-2.0,1.2445,0.8928,22.03
B0006,126,56.814,3.0194,-2.0,1.26254,0.8928,26.04
B0006,126,57.626,2.9456,-2.0,1.28057,0.8928,23.98
B0006,126,58.437,2.8796,-2.0,1.29861,0.8928,23.99
B0006,126,59.249,2.8163,-2.0,1.31664,0.8928,24.82
B0006,126,60.061,2.7723,-2.0,1.33468,0.8928,24.02
B0006,126,60.872,2.7248,-2.0,1.35272,0.8928,25.3
B0006,126,61.684,2.6985,-2.0,1.37075,0.8928,23.45
B0006,126,62.496,2.6717,-2.0,1.38879,0.8928,23.5
B0006,126,63.307,2.6396,-2.0,1.40683,0.8928,23.24
B0006,126,64.119,2.6158,-2.0,1.42486,0.8928,24.47
B0006,126,64.93,2.6003,-2.0,1.4429,0.8928,22.77
B0006,126,65.742,2.5869,-2.0,1.46093,0.8928,23.91
B0006,126,66.554,2.5868,-2.0,1.47897,0.8928,23.67
B0006,126,67.365,2.5745,-2.0,1.49701,0.8928,22.83
B0006,126,68.177,2.5759,-2.0,1.51504,0.8928,23.45
B0006,126,68.989,2.5702,-2.0,1.53308,0.8928,23.11
B0006,126,69.8,2.5656,-2.0,1.55112,0.8928,25.3
B0006,126,70.612,2.5646,-2.0,1.56915,0.8928,23.59
B0006,126,71.423,2.5605,-2.0,1.58719,0.8928,23.76
B0006,126,72.235,2.5573,-2.0,1.60522,0.8928,23.67
B0006,126,73.047,2.5549,-2.0,1.62326,0.8928,24.21
B0006,126,73.858,2.5496,-2.0,1.6413,0.8928,22.98
B0006,126,74.67,2.5466,-2.0,1.65933,0.8928,22.4
B0006,126,75.482,2.5467,-2.0,1.67737,0.8928,24.16
B0006,126,76.293,2.5478,-2.0,1.69541,0.8928,24.51
B0006,126,77.105,2.5519,-2.0,1.71344,0.8928,22.03
B0006,126,77.917,2.5547,-2.0,1.73148,0.8928,24.81
B0006,126,78.728,2.5461,-2.0,1.74951,0.8928,24.42
B0006,126,79.54,2.5466,-2.0,1.76755,0.8928,24.1
B0006,126,80.351,2.5444,-2.0,1.78559,0.8928,22.21
B0006,168,0.0,4.1481,-2.0,0.0,0.8597,23.88
B0006,168,0.782,4.148,-2.0,0.01737,0.8597,22.82
B0006,168,1.563,4.148,-2.0,0.03473,0.8597,24.27
B0006,168,2.345,4.1498,-2.0,0.0521,0.8597,24.18
B0006,168,3.126,4.1466,-2.0,0.06947,0.8597,25.17
B0006,168,3.908,4.1441,-2.0,0.08684,0.8597,24.49
B0006,168,4.689,4.1559,-2.0,0.1042,0.8597,24.48
B0006,168,5.471,4.149,-2.0,0.12157,0.8597,23.47
B0006,168,6.252,4.1552,-2.0,0.13894,0.8597,22.58
B0006,168,7.034,4.1451,-2.0,0.1563,0.8597,23.6
B0006,168,7.815,4.1562,-2.0,0.17367,0.8597,24.38
B0006,168,8.597,4.1451,-2.0,0.19104,0.8597,23.69
B0006,168,9.378,4.1469,-2.0,0.20841,0.8597,23.29
B0006,168,10.16,4.1549,-2.0,0.22577,0.8597,22.63
B0006,168,10.941,4.158,-2.0,0.24314,0.8597,24.83
B0006,168,11.723,4.1554,-2.0,0.26051,0.8597,23.54
B0006,168,12.504,4.1492,-2.0,0.27787,0.8597,22.57
B0006,168,13.286,4.1473,-2.0,0.29524,0.8597,24.49
B0006,168,14.067,4.1564,-2.0,0.31261,0.8597,22.89
B0006,168,14.849,4.1481,-2.0,0.32998,0.8597,23.85
B0006,168,15.63,4.1429,-2.0,0.34734,0.8597,24.59
B0006,168,16.412,4.1463,-2.0,0.36471,0.8597,23.8
B0006,168,17.194,4.1476,-2.0,0.38208,0.8597,23.21
B0006,168,17.975,4.1498,-2.0,0.39945,0.8597,23.78
B0006,168,18.757,4.1479,-2.0,0.41681,0.8597,23.27
B0006,168,19.538,4.1513,-2.0,0.43418,0.8597,25.65
B0006,168,20.32,4.1503,-2.0,0.45155,0.8597,25.0
B0006,168,21.101,4.1426,-2.0,0.46891,0.8597,24.16
B0006,168,21.883,4.1439,-2.0,0.48628,0.8597,22.52
B0006,168,22.664,4.1456,-2.0,0.50365,0.8597,25.19
B0006,168,23.446,4.1539,-2.0,0.52102,0.8597,24.24
B0006,168,24.227,4.1412,-2.0,0.53838,0.8597,23.8
B0006,168,25.009,4.1501,-2.0,0.55575,0.8597,24.18
B0006,168,25.79,4.139,-2.0,0.57312,0.8597,23.11
B0006,168,26.572,4.1475,-2.0,0.59048,0.8597,24.54
B0006,168,27.353,4.1363,-2.0,0.60785,0.8597,23.84
B0006,168,28.135,4.1473,-2.0,0.62522,0.8597,24.85
B0006,168,28.916,4.1492,-2.0,0.64259,0.8597,24.58
B0006,168,29.698,4.1407,-2.0,0.65995,0.8597,22.09
B0006,168,30.479,4.1415,-2.0,0.67732,0.8597,25.0
B0006,168,31.261,4.1488,-2.0,0.69469,0.8597,24.71
B0006,168,32.042,4.142,-2.0,0.71205,0.8597,24.38
B0006,168,32.824,4.1345,-2.0,0.72942,0.8597,23.87
B0006,168,33.606,4.1426,-2.0,0.74679,0.8597,23.06
B0006,168,34.387,4.1384,-2.0,0.76416,0.8597,23.68
B0006,168,35.169,4.1322,-2.0,0.78152,0.8597,22.59
B0006,168,35.95,4.1226,-2.0,0.79889,0.8597,23.26
B0006,168,36.732,4.1052,-2.0,0.81626,0.8597,24.22
B0006,168,37.513,4.1083,-2.0,0.83362,0.8597,23.16
B0006,168,38.295,4.0846,-2.0,0.85099,0.8597,23.91
B0006,168,39.076,4.0779,-2.0,0.86836,0.8597,24.55
B0006,168,39.858,4.0663,-2.0,0.88573,0.8597,23.94
B0006,168,40.639,4.0504,-2.0,0.90309,0.8597,24.22
B0006,168,41.421,4.0147,-2.0,0.92046,0.8597,22.39
B0006,168,42.202,3.9855,-2.0,0.93783,0.8597,23.66
B0006,168,42.984,3.9562,-2.0,0.9552,0.8597,24.46
B0006,168,43.765,3.9037,-2.0,0.97256,0.8597,24.17
B0006,168,44.547,3.8642,-2.0,0.98993,0.8597,25.53
B0006,168,45.328,3.8091,-2.0,1.0073,0.8597,24.76
B0006,168,46.11,3.7413,-2.0,1.02466,0.8597,24.39
B0006,168,46.891,3.6763,-2.0,1.04203,0.8597,22.67
B0006,168,47.673,3.5909,-2.0,1.0594,0.8597,23.23
B0006,168,48.454,3.5117,-2.0,1.07677,0.8597,25.23
B0006,168,49.236,3.4203,-2.0,1.09413,0.8597,21.61
B0006,168,50.017,3.333,-2.0,1.1115,0.8597,24.91
B0006,168,50.799,3.2498,-2.0,1.12887,0.8597,24.43
B0006,168,51.581,3.1602,-2.0,1.14623,0.8597,22.72
B0006,168,52.362,3.0831,-2.0,1.1636,0.8597,23.17
B0006,168,53.144,3.0161,-2.0,1.18097,0.8597,24.57
B0006,168,53.925,2.9337,-2.0,1.19834,0.8597,23.39
B0006,168,54.707,2.8751,-2.0,1.2157,0.8597,23.76
B0006,168,55.488,2.8275,-2.0,1.23307,0.8597,24.19
B0006,168,56.27,2.7719,-2.0,1.25044,0.8597,25.89
B0006,168,57.051,2.7362,-2.0,1.2678,0.8597,24.77
B0006,168,57.833,2.6995,-2.0,1.28517,0.8597,24.36
B0006,168,58.614,2.6762,-2.0,1.30254,0.8597,22.11
B0006,168,59.396,2.6616,-2.0,1.31991,0.8597,25.29
B0006,168,60.177,2.6304,-2.0,1.33727,0.8597,22.9
B0006,168,60.959,2.6184,-2.0,1.35464,0.8597,24.09
B0006,168,61.74,2.6057,-2.0,1.37201,0.8597,24.19
B0006,168,62.522,2.596,-2.0,1.38937,0.8597,25.45
B0006,168,63.303,2.5879,-2.0,1.40674,0.8597,22.95
B0006,168,64.085,2.585,-2.0,1.42411,0.8597,25.64
B0006,168,64.866,2.5885,-2.0,1.44148,0.8597,22.88
B0006,168,65.648,2.5695,-2.0,1.45884,0.8597,21.92
B0006,168,66.429,2.5674,-2.0,1.47621,0.8597,23.45
B0006,168,67.211,2.5714,-2.0,1.49358,0.8597,23.23
B0006,168,67.993,2.551,-2.0,1.51095,0.8597,23.53
B0006,168,68.774,2.5477,-2.0,1.52831,0.8597,24.75
B0006,168,69.556,2.5458,-2.0,1.54568,0.8597,24.03
B0006,168,70.337,2.5445,-2.0,1.56305,0.8597,23.68
B0006,168,71.119,2.5621,-2.0,1.58041,0.8597,24.36
B0006,168,71.9,2.5488,-2.0,1.59778,0.8597,23.97
B0006,168,72.682,2.5526,-2.0,1.61515,0.8597,24.47
B0006,168,73.463,2.5452,-2.0,1.63252,0.8597,24.59
B0006,168,74.245,2.5381,-2.0,1.64988,0.8597,23.37
B0006,168,75.026,2.5489,-2.0,1.66725,0.8597,24.63
B0006,168,75.808,2.5512,-2.0,1.68462,0.8597,22.59
B0006,168,76.589,2.5459,-2.0,1.70198,0.8597,24.2
B0006,168,77.371,2.5503,-2.0,1.71935,0.8597,23.42
B0007,1,0.0,4.1614,-2.0,0.0,0.9992,22.77
B0007,1,0.908,4.1448,-2.0,0.02019,0.9992,23.56
B0007,1,1.817,4.1564,-2.0,0.04037,0.9992,24.01
B0007,1,2.725,4.1438,-2.0,0.06056,0.9992,25.25
B0007,1,3.633,4.1537,-2.0,0.08074,0.9992,24.54
B0007,1,4.542,4.1536,-2.0,0.10093,0.9992,26.39
B0007,1,5.45,4.1609,-2.0,0.12112,0.9992,23.31
B0007,1,6.359,4.1581,-2.0,0.1413,0.9992,24.38
B0007,1,7.267,4.1525,-2.0,0.16149,0.9992,22.31
B0007,1,8.175,4.1491,-2.0,0.18167,0.9992,23.19
B0007,1,9.084,4.1541,-2.0,0.20186,0.9992,25.07
B0007,1,9.992,4.1396,-2.0,0.22204,0.9992,23.98
B0007,1,10.9,4.1556,-2.0,0.24223,0.9992,23.81
B0007,1,11.809,4.1536,-2.0,0.26242,0.9992,24.35
B0007,1,12.717,4.1517,-2.0,0.2826,0.9992,23.73
B0007,1,13.625,4.1439,-2.0,0.30279,0.9992,22.88
B0007,1,14.534,4.1535,-2.0,0.32297,0.9992,24.02
B0007,1,15.442,4.1493,-2.0,0.34316,0.9992,23.58
B0007,1,16.351,4.1485,-2.0,0.36335,0.9992,25.05
B0007,1,17.259,4.1483,-2.0,0.38353,0.9992,22.66
B0007,1,18.167,4.1537,-2.0,0.40372,0.9992,23.8
B0007,1,19.076,4.1502,-2.0,0.4239,0.9992,25.61
B0007,1,19.984,4.1499,-2.0,0.44409,0.9992,24.29
B0007,1,20.892,4.1441,-2.0,0.46427,0.9992,23.78
B0007,1,21.801,4.153,-2.0,0.48446,0.9992,22.44
B0007,1,22.709,4.151,-2.0,0.50465,0.9992,24.1
B0007,1,23.617,4.1502,-2.0,0.52483,0.9992,25.04
B0007,1,24.526,4.1517,-2.0,0.54502,0.9992,25.48
B0007,1,25.434,4.145,-2.0,0.5652,0.9992,24.14
B0007,1,26.343,4.1504,-2.0,0.58539,0.9992,22.93
B0007,1,27.251,4.1548,-2.0,0.60558,0.9992,26.32
B0007,1,28.159,4.1499,-2.0,0.62576,0.9992,24.51
B0007,1,29.068,4.1504,-2.0,0.64595,0.9992,23.29
B0007,1,29.976,4.1409,-2.0,0.66613,0.9992,23.29
B0007,1,30.884,4.143,-2.0,0.68632,0.9992,25.7
B0007,1,31.793,4.1494,-2.0,0.70651,0.9992,23.65
B0007,1,32.701,4.1544,-2.0,0.72669,0.9992,22.88
B0007,1,33.609,4.1461,-2.0,0.74688,0.9992,24.07
B0007,1,34.518,4.1551,-2.0,0.76706,0.9992,24.5
B0007,1,35.426,4.1512,-2.0,0.78725,0.9992,24.08
B0007,1,36.335,4.152,-2.0,0.80743,0.9992,24.2
B0007,1,37.243,4.1448,-2.0,0.82762,0.9992,24.05
B0007,1,38.151,4.1446,-2.0,0.84781,0.9992,24.08
B0007,1,39.06,4.1475,-2.0,0.86799,0.9992,26.54
B0007,1,39.968,4.1497,-2.0,0.88818,0.9992,22.6
B0007,1,40.876,4.1491,-2.0,0.90836,0.9992,24.52
B0007,1,41.785,4.1581,-2.0,0.92855,0.9992,23.41
B0007,1,42.693,4.1417,-2.0,0.94874,0.9992,24.82
B0007,1,43.601,4.1426,-2.0,0.96892,0.9992,23.56
B0007,1,44.51,4.1481,-2.0,0.98911,0.9992,23.93
B0007,1,45.418,4.1526,-2.0,1.00929,0.9992,23.32
B0007,1,46.327,4.1474,-2.0,1.02948,0.9992,23.99
B0007,1,47.235,4.1491,-2.0,1.04966,0.9992,24.1
B0007,1,48.143,4.1499,-2.0,1.06985,0.9992,24.84
B0007,1,49.052,4.1489,-2.0,1.09004,0.9992,24.45
B0007,1,49.96,4.1379,-2.0,1.11022,0.9992,24.05
B0007,1,50.868,4.1467,-2.0,1.13041,0.9992,24.73
B0007,1,51.777,4.1388,-2.0,1.15059,0.9992,23.34
B0007,1,52.685,4.1366,-2.0,1.17078,0.9992,24.54
B0007,1,53.593,4.1409,-2.0,1.19097,0.9992,23.59
B0007,1,54.502,4.1351,-2.0,1.21115,0.9992,24.12
B0007,1,55.41,4.123,-2.0,1.23134,0.9992,23.79
B0007,1,56.319,4.118,-2.0,1.25152,0.9992,24.33
B0007,1,57.227,4.1131,-2.0,1.27171,0.9992,23.15
B0007,1,58.135,4.0875,-2.0,1.2919,0.9992,23.47
B0007,1,59.044,4.0582,-2.0,1.31208,0.9992,23.99
B0007,1,59.952,4.0337,-2.0,1.33227,0.9992,26.92
B0007,1,60.86,3.9937,-2.0,1.35245,0.9992,22.87
B0007,1,61.769,3.9467,-2.0,1.37264,0.9992,21.93
B0007,1,62.677,3.8829,-2.0,1.39282,0.9992,24.02
B0007,1,63.585,3.8112,-2.0,1.41301,0.9992,24.97
B0007,1,64.494,3.7138,-2.0,1.4332,0.9992,23.85
B0007,1,65.402,3.6079,-2.0,1.45338,0.9992,22.87
B0007,1,66.311,3.4976,-2.0,1.47357,0.9992,22.73
B0007,1,67.219,3.3716,-2.0,1.49375,0.9992,23.0
B0007,1,68.127,3.2529,-2.0,1.51394,0.9992,25.8
B0007,1,69.036,3.1248,-2.0,1.53413,0.9992,22.15
B0007,1,69.944,3.0214,-2.0,1.55431,0.9992,24.02
B0007,1,70.852,2.9268,-2.0,1.5745,0.9992,23.55
B0007,1,71.761,2.843,-2.0,1.59468,0.9992,24.37
B0007,1,72.669,2.7819,-2.0,1.61487,0.9992,22.04
B0007,1,73.577,2.7209,-2.0,1.63506,0.9992,24.21
B0007,1,74.486,2.6759,-2.0,1.65524,0.9992,25.73
B0007,1,75.394,2.6446,-2.0,1.67543,0.9992,23.96
B0007,1,76.303,2.6257,-2.0,1.69561,0.9992,23.41
B0007,1,77.211,2.5949,-2.0,1.7158,0.9992,23.57
B0007,1,78.119,2.5952,-2.0,1.73598,0.9992,23.66
B0007,1,79.028,2.5753,-2.0,1.75617,0.9992,24.93
B0007,1,79.936,2.5701,-2.0,1.77636,0.9992,23.49
B0007,1,80.844,2.5668,-2.0,1.79654,0.9992,24.77
B0007,1,81.753,2.5737,-2.0,1.81673,0.9992,24.83
B0007,1,82.661,2.5645,-2.0,1.83691,0.9992,23.49
B0007,1,83.569,2.5512,-2.0,1.8571,0.9992,24.06
B0007,1,84.478,2.5552,-2.0,1.87729,0.9992,22.92
B0007,1,85.386,2.5526,-2.0,1.89747,0.9992,24.4
B0007,1,86.295,2.5543,-2.0,1.91766,0.9992,24.5
B0007,1,87.203,2.5533,-2.0,1.93784,0.9992,23.49
B0007,1,88.111,2.5488,-2.0,1.95803,0.9992,22.8
B0007,1,89.02,2.5599,-2.0,1.97821,0.9992,24.01
B0007,1,89.928,2.5496,-2.0,1.9984,0.9992,23.07
B0007,42,0.0,4.1647,-2.0,0.0,0.967,22.93
B0007,42,0.879,4.1479,-2.0,0.01953,0.967,24.42
B0007,42,1.758,4.153,-2.0,0.03907,0.967,24.96
B0007,42,2.637,4.159,-2.0,0.0586,0.967,24.51
B0007,42,3.516,4.1447,-2.0,0.07814,0.967,23.74
B0007,42,4.395,4.1515,-2.0,0.09767,0.967,26.07
B0007,42,5.274,4.143,-2.0,0.11721,0.967,25.2
B0007,42,6.153,4.1509,-2.0,0.13674,0.967,24.84
B0007,42,7.032,4.1495,-2.0,0.15628,0.967,23.16
B0007,42,7.911,4.1538,-2.0,0.17581,0.967,24.65
B0007,42,8.791,4.1549,-2.0,0.19535,0.967,23.99
B0007,42,9.67,4.147,-2.0,0.21488,0.967,22.44
B0007,42,10.549,4.1541,-2.0,0.23441,0.967,24.42
B0007,42,11.428,4.1452,-2.0,0.25395,0.967,23.46
B0007,42,12.307,4.1477,-2.0,0.27348,0.967,22.52
B0007,42,13.186,4.1459,-2.0,0.29302,0.967,22.87
B0007,42,14.065,4.1479,-2.0,0.31255,0.967,23.26
B0007,42,14.944,4.1419,-2.0,0.33209,0.967,26.02
B0007,42,15.823,4.1563,-2.0,0.35162,0.967,23.22
B0007,42,16.702,4.1514,-2.0,0.37116,0.967,24.42
B0007,42,17.581,4.156,-2.0,0.39069,0.967,23.18
B0007,42,18.46,4.1555,-2.0,0.41022,0.967,23.45
B0007,42,19.339,4.1433,-2.0,0.42976,0.967,24.72
B0007,42,20.218,4.1565,-2.0,0.44929,0.967,26.59
B0007,42,21.097,4.144,-2.0,0.46883,0.967,24.7
B0007,42,21.976,4.1479,-2.0,0.48836,0.967,24.78
B0007,42,22.855,4.1426,-2.0,0.5079,0.967,22.74
B0007,42,23.734,4.1461,-2.0,0.52743,0.967,24.08
B0007,42,24.613,4.1468,-2.0,0.54697,0.967,24.66
B0007,42,25.493,4.1551,-2.0,0.5665,0.967,24.6
B0007,42,26.372,4.1581,-2.0,0.58604,0.967,24.42
B0007,42,27.251,4.1439,-2.0,0.60557,0.967,25.36
B0007,42,28.13,4.147,-2.0,0.6251,0.967,24.91
B0007,42,29.009,4.1578,-2.0,0.64464,0.967,24.46
B0007,42,29.888,4.1425,-2.0,0.66417,0.967,23.08
B0007,42,30.767,4.1566,-2.0,0.68371,0.967,23.83
B0007,42,31.646,4.1503,-2.0,0.70324,0.967,24.76
B0007,42,32.525,4.1534,-2.0,0.72278,0.967,24.28
B0007,42,33.404,4.1488,-2.0,0.74231,0.967,23.69
B0007,42,34.283,4.1541,-2.0,0.76185,0.967,24.55
B0007,42,35.162,4.1485,-2.0,0.78138,0.967,25.08
B0007,42,36.041,4.1491,-2.0,0.80091,0.967,23.15
B0007,42,36.92,4.1459,-2.0,0.82045,0.967,23.02
B0007,42,37.799,4.1482,-2.0,0.83998,0.967,25.23
B0007,42,38.678,4.1454,-2.0,0.85952,0.967,24.19
B0007,42,39.557,4.1459,-2.0,0.87905,0.967,23.74
B0007,42,40.436,4.1414,-2.0,0.89859,0.967,23.78
B0007,42,41.315,4.1476,-2.0,0.91812,0.967,24.54
B0007,42,42.195,4.1492,-2.0,0.93766,0.967,22.8
B0007,42,43.074,4.1529,-2.0,0.95719,0.967,24.21
B0007,42,43.953,4.1477,-2.0,0.97673,0.967,23.99
B0007,42,44.832,4.143,-2.0,0.99626,0.967,24.22
B0007,42,45.711,4.1466,-2.0,1.01579,0.967,22.25
B0007,42,46.59,4.1396,-2.0,1.03533,0.967,23.75
B0007,42,47.469,4.1411,-2.0,1.05486,0.967,25.19
B0007,42,48.348,4.1326,-2.0,1.0744,0.967,23.5
B0007,42,49.227,4.1295,-2.0,1.09393,0.967,23.2
B0007,42,50.106,4.1246,-2.0,1.11347,0.967,24.77
B0007,42,50.985,4.1134,-2.0,1.133,0.967,24.43
B0007,42,51.864,4.1002,-2.0,1.15254,0.967,23.44
B0007,42,52.743,4.094,-2.0,1.17207,0.967,25.67
B0007,42,53.622,4.0772,-2.0,1.19161,0.967,21.8
B0007,42,54.501,4.0465,-2.0,1.21114,0.967,24.03
B0007,42,55.38,4.0313,-2.0,1.23067,0.967,24.38
B0007,42,56.259,3.993,-2.0,1.25021,0.967,25.16
B0007,42,57.138,3.9442,-2.0,1.26974,0.967,24.89
B0007,42,58.017,3.8829,-2.0,1.28928,0.967,23.1
B0007,42,58.897,3.8145,-2.0,1.30881,0.967,23.73
B0007,42,59.776,3.7433,-2.0,1.32835,0.967,24.11
B0007,42,60.655,3.6521,-2.0,1.34788,0.967,23.07
B0007,42,61.534,3.5487,-2.0,1.36742,0.967,22.5
B0007,42,62.413,3.4469,-2.0,1.38695,0.967,23.7
B0007,42,63.292,3.3245,-2.0,1.40648,0.967,25.59
B0007,42,64.171,3.2085,-2.0,1.42602,0.967,22.87
B0007,42,65.05,3.1023,-2.0,1.44555,0.967,23.93
B0007,42,65.929,3.0117,-2.0,1.46509,0.967,24.74
B0007,42,66.808,2.9353,-2.0,1.48462,0.967,21.75
B0007,42,67.687,2.8506,-2.0,1.50416,0.967,23.44
B0007,42,68.566,2.7819,-2.0,1.52369,0.967,23.38
B0007,42,69.445,2.7289,-2.0,1.54323,0.967,25.68
B0007,42,70.324,2.6964,-2.0,1.56276,0.967,24.02
B0007,42,71.203,2.6662,-2.0,1.5823,0.967,22.49
B0007,42,72.082,2.6272,-2.0,1.60183,0.967,21.82
B0007,42,72.961,2.6104,-2.0,1.62136,0.967,24.16
B0007,42,73.84,2.5991,-2.0,1.6409,0.967,24.15
B0007,42,74.719,2.5798,-2.0,1.66043,0.967,24.8
B0007,42,75.599,2.5791,-2.0,1.67997,0.967,24.73
B0007,42,76.478,2.5617,-2.0,1.6995,0.967,24.31
B0007,42,77.357,2.56,-2.0,1.71904,0.967,23.6
B0007,42,78.236,2.5647,-2.0,1.73857,0.967,24.09
B0007,42,79.115,2.5548,-2.0,1.75811,0.967,24.01
B0007,42,79.994,2.5492,-2.0,1.77764,0.967,25.15
B0007,42,80.873,2.5541,-2.0,1.79717,0.967,25.12
B0007,42,81.752,2.5513,-2.0,1.81671,0.967,23.48
B0007,42,82.631,2.5491,-2.0,1.83624,0.967,24.88
B0007,42,83.51,2.5487,-2.0,1.85578,0.967,24.64
B0007,42,84.389,2.5498,-2.0,1.87531,0.967,22.02
B0007,42,85.268,2.5484,-2.0,1.89485,0.967,22.82
B0007,42,86.147,2.5511,-2.0,1.91438,0.967,22.81
B0007,42,87.026,2.5553,-2.0,1.93392,0.967,23.91
B0007,84,0.0,4.1491,-2.0,0.0,0.935,24.66
B0007,84,0.85,4.1548,-2.0,0.01889,0.935,23.98
B0007,84,1.7,4.1461,-2.0,0.03778,0.935,22.23
B0007,84,2.55,4.1466,-2.0,0.05667,0.935,23.38
B0007,84,3.4,4.1505,-2.0,0.07556,0.935,23.65
B0007,84,4.25,4.1534,-2.0,0.09445,0.935,23.39
B0007,84,5.1,4.1497,-2.0,0.11333,0.935,25.18
B0007,84,5.95,4.1517,-2.0,0.13222,0.935,23.94
B0007,84,6.8,4.147,-2.0,0.15111,0.935,23.37
B0007,84,7.65,4.1457,-2.0,0.17,0.935,23.46
B0007,84,8.5,4.1538,-2.0,0.18889,0.935,23.78
B0007,84,9.35,4.1433,-2.0,0.20778,0.935,25.77
B0007,84,10.2,4.1516,-2.0,0.22667,0.935,22.59
B0007,84,11.05,4.1478,-2.0,0.24556,0.935,24.11
B0007,84,11.9,4.1585,-2.0,0.26445,0.935,22.89
B0007,84,12.75,4.1549,-2.0,0.28334,0.935,25.4
B0007,84,13.6,4.1469,-2.0,0.30222,0.935,23.72
B0007,84,14.45,4.1448,-2.0,0.32111,0.935,23.8
B0007,84,15.3,4.1498,-2.0,0.34,0.935,24.66
B0007,84,16.15,4.1554,-2.0,0.35889,0.935,23.25
B0007,84,17.0,4.1402,-2.0,0.37778,0.935,23.98
B0007,84,17.85,4.1515,-2.0,0.39667,0.935,24.25
B0007,84,18.7,4.1484,-2.0,0.41556,0.935,24.12
B0007,84,19.55,4.1576,-2.0,0.43445,0.935,24.38
B0007,84,20.4,4.1481,-2.0,0.45334,0.935,23.5
B0007,84,21.25,4.1491,-2.0,0.47223,0.935,25.64
B0007,84,22.1,4.1491,-2.0,0.49112,0.935,23.98
B0007,84,22.95,4.1476,-2.0,0.51,0.935,25.1
B0007,84,23.8,4.1598,-2.0,0.52889,0.935,24.45
B0007,84,24.65,4.1504,-2.0,0.54778,0.935,24.04
B0007,84,25.5,4.138,-2.0,0.56667,0.935,24.75
B0007,84,26.35,4.1506,-2.0,0.58556,0.935,24.43
B0007,84,27.2,4.1464,-2.0,0.60445,0.935,23.62
B0007,84,28.05,4.1478,-2.0,0.62334,0.935,25.02
B0007,84,28.9,4.148,-2.0,0.64223,0.935,26.08
B0007,84,29.75,4.152,-2.0,0.66112,0.935,22.72
B0007,84,30.6,4.1491,-2.0,0.68001,0.935,23.35
B0007,84,31.45,4.1387,-2.0,0.6989,0.935,25.6
B0007,84,32.3,4.1531,-2.0,0.71778,0.935,24.53
B0007,84,33.15,4.1503,-2.0,0.73667,0.935,22.62
B0007,84,34.0,4.1469,-2.0,0.75556,0.935,24.84
B0007,84,34.85,4.1438,-2.0,0.77445,0.935,21.47
B0007,84,35.7,4.1476,-2.0,0.79334,0.935,23.86
B0007,84,36.55,4.1491,-2.0,0.81223,0.935,24.73
B0007,84,37.4,4.1511,-2.0,0.83112,0.935,24.26
B0007,84,38.25,4.1533,-2.0,0.85001,0.935,22.48
B0007,84,39.1,4.1491,-2.0,0.8689,0.935,24.63
B0007,84,39.95,4.1393,-2.0,0.88779,0.935,22.5
B0007,84,40.8,4.1404,-2.0,0.90667,0.935,23.34
B0007,84,41.65,4.1462,-2.0,0.92556,0.935,23.39
B0007,84,42.5,4.1359,-2.0,0.94445,0.935,23.39
B0007,84,43.35,4.1428,-2.0,0.96334,0.935,24.01
B0007,84,44.2,4.1325,-2.0,0.98223,0.935,23.89
B0007,84,45.05,4.135,-2.0,1.00112,0.935,23.25
B0007,84,45.9,4.1288,-2.0,1.02001,0.935,24.21
B0007,84,46.75,4.1133,-2.0,1.0389,0.935,26.5
B0007,84,47.6,4.0984,-2.0,1.05779,0.935,23.65
B0007,84,48.45,4.0842,-2.0,1.07668,0.935,24.95
B0007,84,49.3,4.0818,-2.0,1.09557,0.935,25.67
B0007,84,50.15,4.058,-2.0,1.11445,0.935,23.8
B0007,84,51.0,4.023,-2.0,1.13334,0.935,22.33
B0007,84,51.85,4.0013,-2.0,1.15223,0.935,24.47
B0007,84,52.7,3.9471,-2.0,1.17112,0.935,25.33
B0007,84,53.55,3.8941,-2.0,1.19001,0.935,24.41
B0007,84,54.4,3.8376,-2.0,1.2089,0.935,24.64
B0007,84,55.25,3.7672,-2.0,1.22779,0.935,22.55
B0007,84,56.1,3.6867,-2.0,1.24668,0.935,25.05
B0007,84,56.95,3.5955,-2.0,1.26557,0.935,24.78
B0007,84,57.801,3.4922,-2.0,1.28446,0.935,23.97
B0007,84,58.651,3.3913,-2.0,1.30334,0.935,24.75
B0007,84,59.501,3.29,-2.0,1.32223,0.935,24.69
B0007,84,60.351,3.1928,-2.0,1.34112,0.935,24.69
B0007,84,61.201,3.0915,-2.0,1.36001,0.935,23.0
B0007,84,62.051,3.0008,-2.0,1.3789,0.935,23.47
B0007,84,62.901,2.9193,-2.0,1.39779,0.935,23.63
B0007,84,63.751,2.8468,-2.0,1.41668,0.935,22.04
B0007,84,64.601,2.7894,-2.0,1.43557,0.935,24.19
B0007,84,65.451,2.7369,-2.0,1.45446,0.935,24.02
B0007,84,66.301,2.7128,-2.0,1.47335,0.935,25.02
B0007,84,67.151,2.6789,-2.0,1.49224,0.935,24.39
B0007,84,68.001,2.6504,-2.0,1.51112,0.935,23.28
B0007,84,68.851,2.6205,-2.0,1.53001,0.935,21.26
B0007,84,69.701,2.6133,-2.0,1.5489,0.935,25.54
B0007,84,70.551,2.5918,-2.0,1.56779,0.935,23.75
B0007,84,71.401,2.5807,-2.0,1.58668,0.935,24.38
B0007,84,72.251,2.5823,-2.0,1.60557,0.935,22.26
B0007,84,73.101,2.5727,-2.0,1.62446,0.935,23.72
B0007,84,73.951,2.5665,-2.0,1.64335,0.935,24.46
B0007,84,74.801,2.5613,-2.0,1.66224,0.935,23.9
B0007,84,75.651,2.5584,-2.0,1.68113,0.935,24.97
B0007,84,76.501,2.5594,-2.0,1.70001,0.935,24.22
B0007,84,77.351,2.5493,-2.0,1.7189,0.935,23.62
B0007,84,78.201,2.5588,-2.0,1.73779,0.935,24.04
B0007,84,79.051,2.5566,-2.0,1.75668,0.935,25.77
B0007,84,79.901,2.5578,-2.0,1.77557,0.935,24.09
B0007,84,80.751,2.5494,-2.0,1.79446,0.935,21.45
B0007,84,81.601,2.5507,-2.0,1.81335,0.935,23.67
B0007,84,82.451,2.5531,-2.0,1.83224,0.935,23.85
B0007,84,83.301,2.5493,-2.0,1.85113,0.935,22.22
B0007,84,84.151,2.546,-2.0,1.87002,0.935,24.48
B0007,126,0.0,4.1586,-2.0,0.0,0.9041,23.9
B0007,126,0.822,4.1516,-2.0,0.01826,0.9041,24.95
B0007,126,1.644,4.1459,-2.0,0.03653,0.9041,24.37
B0007,126,2.466,4.1463,-2.0,0.05479,0.9041,24.86
B0007,126,3.288,4.1508,-2.0,0.07306,0.9041,24.3
B0007,126,4.11,4.1461,-2.0,0.09132,0.9041,24.71
B0007,126,4.932,4.1604,-2.0,0.10959,0.9041,22.99
B0007,126,5.753,4.1483,-2.0,0.12785,0.9041,24.23
B0007,126,6.575,4.1539,-2.0,0.14612,0.9041,23.44
B0007,126,7.397,4.1358,-2.0,0.16438,0.9041,25.36
B0007,126,8.219,4.1538,-2.0,0.18265,0.9041,22.26
B0007,126,9.041,4.147,-2.0,0.20091,0.9041,25.57
B0007,126,9.863,4.1572,-2.0,0.21918,0.9041,24.94
B0007,126,10.685,4.1491,-2.0,0.23744,0.9041,24.08
B0007,126,11.507,4.1493,-2.0,0.25571,0.9041,25.13
B0007,126,12.329,4.1456,-2.0,0.27397,0.9041,23.19
B0007,126,13.151,4.155,-2.0,0.29224,0.9041,23.96
B0007,126,13.973,4.1569,-2.0,0.3105,0.9041,23.33
B0007,126,14.795,4.1497,-2.0,0.32877,0.9041,23.08
B0007,126,15.617,4.15,-2.0,0.34703,0.9041,22.52
B0007,126,16.438,4.1475,-2.0,0.3653,0.9041,22.56
B0007,126,17.26,4.1534,-2.0,0.38356,0.9041,24.72
B0007,126,18.082,4.1413,-2.0,0.40183,0.9041,25.33
B0007,126,18.904,4.1625,-2.0,0.42009,0.9041,24.05
B0007,126,19.726,4.1468,-2.0,0.43836,0.9041,26.82
B0007,126,20.548,4.1433,-2.0,0.45662,0.9041,24.02
B0007,126,21.37,4.1508,-2.0,0.47489,0.9041,25.35
B0007,126,22.192,4.1517,-2.0,0.49315,0.9041,23.5
B0007,126,23.014,4.1451,-2.0,0.51142,0.9041,23.66
B0007,126,23.836,4.1448,-2.0,0.52968,0.9041,24.05
B0007,126,24.658,4.147,-2.0,0.54795,0.9041,22.51
B0007,126,25.48,4.156,-2.0,0.56621,0.9041,23.5
B0007,126,26.301,4.1434,-2.0,0.58448,0.9041,23.83
B0007,126,27.123,4.1499,-2.0,0.60274,0.9041,22.25
B0007,126,27.945,4.1512,-2.0,0.62101,0.9041,22.95
B0007,126,28.767,4.1579,-2.0,0.63927,0.9041,24.52
B0007,126,29.589,4.1472,-2.0,0.65754,0.9041,23.25
B0007,126,30.411,4.1484,-2.0,0.6758,0.9041,24.61
B0007,126,31.233,4.1485,-2.0,0.69407,0.9041,23.78
B0007,126,32.055,4.1486,-2.0,0.71233,0.9041,23.4
B0007,126,32.877,4.1461,-2.0,0.7306,0.9041,21.91
B0007,126,33.699,4.1521,-2.0,0.74886,0.9041,24.3
B0007,126,34.521,4.1426,-2.0,0.76713,0.9041,25.9
B0007,126,35.343,4.146,-2.0,0.78539,0.9041,22.96
B0007,126,36.165,4.1486,-2.0,0.80366,0.9041,24.4
B0007,126,36.986,4.1447,-2.0,0.82192,0.9041,23.57
B0007,126,37.808,4.143,-2.0,0.84019,0.9041,23.74
B0007,126,38.63,4.141,-2.0,0.85845,0.9041,22.1
B0007,126,39.452,4.1328,-2.0,0.87672,0.9041,25.72
B0007,126,40.274,4.127,-2.0,0.89498,0.9041,23.4
B0007,126,41.096,4.1234,-2.0,0.91325,0.9041,22.79
B0007,126,41.918,4.108,-2.0,0.93151,0.9041,23.77
B0007,126,42.74,4.1115,-2.0,0.94978,0.9041,23.95
B0007,126,43.562,4.0996,-2.0,0.96804,0.9041,24.04
B0007,126,44.384,4.0923,-2.0,0.98631,0.9041,23.81
B0007,126,45.206,4.0678,-2.0,1.00457,0.9041,23.72
B0007,126,46.028,4.0531,-2.0,1.02284,0.9041,25.41
B0007,126,46.85,4.0217,-2.0,1.0411,0.9041,24.1
B0007,126,47.671,3.9954,-2.0,1.05937,0.9041,23.01
B0007,126,48.493,3.9559,-2.0,1.07763,0.9041,22.53
B0007,126,49.315,3.9014,-2.0,1.0959,0.9041,24.37
B0007,126,50.137,3.8544,-2.0,1.11416,0.9041,24.2
B0007,126,50.959,3.7933,-2.0,1.13243,0.9041,23.02
B0007,126,51.781,3.7212,-2.0,1.15069,0.9041,22.77
B0007,126,52.603,3.6479,-2.0,1.16896,0.9041,22.64
B0007,126,53.425,3.552,-2.0,1.18722,0.9041,22.96
B0007,126,54.247,3.4623,-2.0,1.20549,0.9041,23.67
B0007,126,55.069,3.3601,-2.0,1.22375,0.9041,24.85
B0007,126,55.891,3.2658,-2.0,1.24201,0.9041,24.52
B0007,126,56.713,3.1661,-2.0,1.26028,0.9041,22.6
B0007,126,57.535,3.0819,-2.0,1.27854,0.9041,23.68
B0007,126,58.356,3.0019,-2.0,1.29681,0.9041,23.92
B0007,126,59.178,2.9255,-2.0,1.31507,0.9041,22.38
B0007,126,60.0,2.8686,-2.0,1.33334,0.9041,23.84
B0007,126,60.822,2.8064,-2.0,1.3516,0.9041,23.16
B0007,126,61.644,2.7568,-2.0,1.36987,0.9041,22.7
B0007,126,62.466,2.7178,-2.0,1.38813,0.9041,23.64
B0007,126,63.288,2.6829,-2.0,1.4064,0.9041,24.7
B0007,126,64.11,2.6498,-2.0,1.42466,0.9041,23.32
B0007,126,64.932,2.6365,-2.0,1.44293,0.9041,26.1
B0007,126,65.754,2.6161,-2.0,1.46119,0.9041,24.59
B0007,126,66.576,2.6023,-2.0,1.47946,0.9041,25.94
B0007,126,67.398,2.583,-2.0,1.49772,0.9041,24.09
B0007,126,68.219,2.5748,-2.0,1.51599,0.9041,21.49
B0007,126,69.041,2.5774,-2.0,1.53425,0.9041,24.14
B0007,126,69.863,2.569,-2.0,1.55252,0.9041,23.89
B0007,126,70.685,2.5815,-2.0,1.57078,0.9041,23.74
B0007,126,71.507,2.5651,-2.0,1.58905,0.9041,23.35
B0007,126,72.329,2.5614,-2.0,1.60731,0.9041,23.76
B0007,126,73.151,2.5557,-2.0,1.62558,0.9041,25.82
B0007,126,73.973,2.562,-2.0,1.64384,0.9041,24.14
B0007,126,74.795,2.5433,-2.0,1.66211,0.9041,23.64
B0007,126,75.617,2.5673,-2.0,1.68037,0.9041,23.77
B0007,126,76.439,2.5585,-2.0,1.69864,0.9041,25.44
B0007,126,77.261,2.5534,-2.0,1.7169,0.9041,23.16
B0007,126,78.083,2.5396,-2.0,1.73517,0.9041,24.68
B0007,126,78.904,2.5473,-2.0,1.75343,0.9041,24.18
B0007,126,79.726,2.5449,-2.0,1.7717,0.9041,23.73
B0007,126,80.548,2.551,-2.0,1.78996,0.9041,24.27
B0007,126,81.37,2.5451,-2.0,1.80823,0.9041,25.2
B0007,168,0.0,4.147,-2.0,0.0,0.8742,22.33
B0007,168,0.795,4.1495,-2.0,0.01766,0.8742,24.03
B0007,168,1.59,4.1508,-2.0,0.03532,0.8742,25.36
B0007,168,2.384,4.1488,-2.0,0.05298,0.8742,23.88
B0007,168,3.179,4.1445,-2.0,0.07065,0.8742,24.82
B0007,168,3.974,4.1509,-2.0,0.08831,0.8742,23.58
B0007,168,4.769,4.1405,-2.0,0.10597,0.8742,25.44
B0007,168,5.563,4.1439,-2.0,0.12363,0.8742,23.41
B0007,168,6.358,4.1518,-2.0,0.14129,0.8742,22.8
B0007,168,7.153,4.1425,-2.0,0.15895,0.8742,21.88
B0007,168,7.948,4.1536,-2.0,0.17661,0.8742,23.45
B0007,168,8.742,4.1646,-2.0,0.19428,0.8742,23.01
B0007,168,9.537,4.1454,-2.0,0.21194,0.8742,23.43
B0007,168,10.332,4.1512,-2.0,0.2296,0.8742,23.53
B0007,168,11.127,4.153,-2.0,0.24726,0.8742,23.02
B0007,168,11.921,4.1431,-2.0,0.26492,0.8742,22.2
B0007,168,12.716,4.1389,-2.0,0.28258,0.8742,23.48
B0007,168,13.511,4.1485,-2.0,0.30024,0.8742,23.37
B0007,168,14.306,4.1562,-2.0,0.31791,0.8742,25.23
B0007,168,15.101,4.1483,-2.0,0.33557,0.8742,22.21
B0007,168,15.895,4.1471,-2.0,0.35323,0.8742,23.4
B0007,168,16.69,4.1466,-2.0,0.37089,0.8742,23.3
B0007,168,17.485,4.1466,-2.0,0.38855,0.8742,23.61
B0007,168,18.28,4.1467,-2.0,0.40621,0.8742,24.21
B0007,168,19.074,4.1517,-2.0,0.42387,0.8742,23.09
B0007,168,19.869,4.1562,-2.0,0.44154,0.8742,23.02
B0007,168,20.664,4.1417,-2.0,0.4592,0.8742,24.38
B0007,168,21.459,4.1456,-2.0,0.47686,0.8742,24.32
B0007,168,22.253,4.1376,-2.0,0.49452,0.8742,25.39
B0007,168,23.048,4.1529,-2.0,0.51218,0.8742,22.5
B0007,168,23.843,4.142,-2.0,0.52984,0.8742,25.67
B0007,168,24.638,4.1456,-2.0,0.5475,0.8742,23.17
B0007,168,25.432,4.1378,-2.0,0.56517,0.8742,23.65
B0007,168,26.227,4.1478,-2.0,0.58283,0.8742,24.72
B0007,168,27.022,4.1416,-2.0,0.60049,0.8742,22.48
B0007,168,27.817,4.1505,-2.0,0.61815,0.8742,25.01
B0007,168,28.612,4.14,-2.0,0.63581,0.8742,25.08
B0007,168,29.406,4.1474,-2.0,0.65347,0.8742,25.09
B0007,168,30.201,4.1462,-2.0,0.67113,0.8742,21.48
B0007,168,30.996,4.1449,-2.0,0.6888,0.8742,25.06
B0007,168,31.791,4.1401,-2.0,0.70646,0.8742,23.61
B0007,168,32.585,4.1423,-2.0,0.72412,0.8742,21.1
B0007,168,33.38,4.1498,-2.0,0.74178,0.8742,23.1
B0007,168,34.175,4.1418,-2.0,0.75944,0.8742,23.91
B0007,168,34.97,4.1428,-2.0,0.7771,0.8742,24.41
B0007,168,35.764,4.132,-2.0,0.79476,0.8742,23.11
B0007,168,36.559,4.1328,-2.0,0.81243,0.8742,22.13
B0007,168,37.354,4.1268,-2.0,0.83009,0.8742,22.9
B0007,168,38.149,4.1232,-2.0,0.84775,0.8742,24.16
B0007,168,38.943,4.1119,-2.0,0.86541,0.8742,24.08
B0007,168,39.738,4.0896,-2.0,0.88307,0.8742,23.14
B0007,168,40.533,4.089,-2.0,0.90073,0.8742,24.17
B0007,168,41.328,4.0759,-2.0,0.91839,0.8742,24.4
B0007,168,42.122,4.046,-2.0,0.93606,0.8742,23.2
B0007,168,42.917,4.0279,-2.0,0.95372,0.8742,21.69
B0007,168,43.712,4.0073,-2.0,0.97138,0.8742,24.44
B0007,168,44.507,3.9708,-2.0,0.98904,0.8742,22.42
B0007,168,45.302,3.9301,-2.0,1.0067,0.8742,26.23
B0007,168,46.096,3.8693,-2.0,1.02436,0.8742,24.77
B0007,168,46.891,3.8202,-2.0,1.04202,0.8742,22.46
B0007,168,47.686,3.7589,-2.0,1.05969,0.8742,24.83
B0007,168,48.481,3.682,-2.0,1.07735,0.8742,25.17
B0007,168,49.275,3.598,-2.0,1.09501,0.8742,22.51
B0007,168,50.07,3.5224,-2.0,1.11267,0.8742,24.03
B0007,168,50.865,3.4293,-2.0,1.13033,0.8742,24.81
B0007,168,51.66,3.3447,-2.0,1.14799,0.8742,24.86
B0007,168,52.454,3.2507,-2.0,1.16565,0.8742,24.6
B0007,168,53.249,3.1608,-2.0,1.18332,0.8742,26.05
B0007,168,54.044,3.0754,-2.0,1.20098,0.8742,26.11
B0007,168,54.839,3.0021,-2.0,1.21864,0.8742,22.62
B0007,168,55.633,2.9386,-2.0,1.2363,0.8742,24.13
B0007,168,56.428,2.8737,-2.0,1.25396,0.8742,25.22
B0007,168,57.223,2.8168,-2.0,1.27162,0.8742,23.41
B0007,168,58.018,2.7733,-2.0,1.28928,0.8742,24.0
B0007,168,58.813,2.7323,-2.0,1.30695,0.8742,21.85
B0007,168,59.607,2.6979,-2.0,1.32461,0.8742,23.36
B0007,168,60.402,2.6765,-2.0,1.34227,0.8742,24.62
B0007,168,61.197,2.6467,-2.0,1.35993,0.8742,24.49
B0007,168,61.992,2.622,-2.0,1.37759,0.8742,25.62
B0007,168,62.786,2.6218,-2.0,1.39525,0.8742,24.39
B0007,168,63.581,2.6076,-2.0,1.41291,0.8742,23.43
B0007,168,64.376,2.5858,-2.0,1.43058,0.8742,24.04
B0007,168,65.171,2.584,-2.0,1.44824,0.8742,23.61
B0007,168,65.965,2.5781,-2.0,1.4659,0.8742,24.31
B0007,168,66.76,2.5653,-2.0,1.48356,0.8742,24.52
B0007,168,67.555,2.5705,-2.0,1.50122,0.8742,24.17
B0007,168,68.35,2.5687,-2.0,1.51888,0.8742,22.78
B0007,168,69.144,2.5627,-2.0,1.53654,0.8742,22.83
B0007,168,69.939,2.5527,-2.0,1.5542,0.8742,23.37
B0007,168,70.734,2.5518,-2.0,1.57187,0.8742,23.45
B0007,168,71.529,2.5542,-2.0,1.58953,0.8742,24.84
B0007,168,72.324,2.5526,-2.0,1.60719,0.8742,22.41
B0007,168,73.118,2.559,-2.0,1.62485,0.8742,23.16
B0007,168,73.913,2.5523,-2.0,1.64251,0.8742,24.45
B0007,168,74.708,2.5531,-2.0,1.66017,0.8742,25.09
B0007,168,75.503,2.5541,-2.0,1.67783,0.8742,23.14
B0007,168,76.297,2.5622,-2.0,1.6955,0.8742,24.19
B0007,168,77.092,2.5503,-2.0,1.71316,0.8742,24.96
B0007,168,77.887,2.5521,-2.0,1.73082,0.8742,24.4
B0007,168,78.682,2.5631,-2.0,1.74848,0.8742,23.72
B0018,1,0.0,4.1402,-2.0,0.0,0.9989,38.52
B0018,1,0.908,4.15,-2.0,0.02018,0.9989,39.46
B0018,1,1.816,4.16,-2.0,0.04036,0.9989,41.83
B0018,1,2.724,4.1457,-2.0,0.06054,0.9989,40.56
B0018,1,3.632,4.1537,-2.0,0.08072,0.9989,39.4
B0018,1,4.54,4.1425,-2.0,0.1009,0.9989,39.99
B0018,1,5.449,4.1491,-2.0,0.12108,0.9989,39.56
B0018,1,6.357,4.1522,-2.0,0.14126,0.9989,39.25
B0018,1,7.265,4.1442,-2.0,0.16144,0.9989,40.11
B0018,1,8.173,4.1519,-2.0,0.18162,0.9989,38.82
B0018,1,9.081,4.1546,-2.0,0.2018,0.9989,38.23
B0018,1,9.989,4.1471,-2.0,0.22198,0.9989,39.74
B0018,1,10.897,4.1468,-2.0,0.24216,0.9989,39.43
B0018,1,11.805,4.1594,-2.0,0.26234,0.9989,39.15
B0018,1,12.713,4.1622,-2.0,0.28252,0.9989,40.44
B0018,1,13.621,4.1505,-2.0,0.3027,0.9989,40.48
B0018,1,14.529,4.1626,-2.0,0.32288,0.9989,39.01
B0018,1,15.438,4.1444,-2.0,0.34306,0.9989,39.25
B0018,1,16.346,4.1502,-2.0,0.36324,0.9989,38.27
B0018,1,17.254,4.1501,-2.0,0.38342,0.9989,41.69
B0018,1,18.162,4.1508,-2.0,0.4036,0.9989,39.71
B0018,1,19.07,4.1469,-2.0,0.42378,0.9989,40.9
B0018,1,19.978,4.1459,-2.0,0.44396,0.9989,41.85
B0018,1,20.886,4.1597,-2.0,0.46414,0.9989,40.26
B0018,1,21.794,4.1499,-2.0,0.48432,0.9989,41.03
B0018,1,22.702,4.1555,-2.0,0.5045,0.9989,39.19
B0018,1,23.61,4.1474,-2.0,0.52468,0.9989,38.68
B0018,1,24.518,4.152,-2.0,0.54485,0.9989,40.67
B0018,1,25.427,4.1432,-2.0,0.56503,0.9989,39.54
B0018,1,26.335,4.1433,-2.0,0.58521,0.9989,39.1
B0018,1,27.243,4.1528,-2.0,0.60539,0.9989,39.27
B0018,1,28.151,4.1485,-2.0,0.62557,0.9989,38.37
B0018,1,29.059,4.1509,-2.0,0.64575,0.9989,39.96
B0018,1,29.967,4.1464,-2.0,0.66593,0.9989,39.81
B0018,1,30.875,4.1509,-2.0,0.68611,0.9989,39.19
B0018,1,31.783,4.1426,-2.0,0.70629,0.9989,41.81
B0018,1,32.691,4.1468,-2.0,0.72647,0.9989,39.9
B0018,1,33.599,4.155,-2.0,0.74665,0.9989,43.53
B0018,1,34.507,4.1438,-2.0,0.76683,0.9989,40.45
B0018,1,35.416,4.1464,-2.0,0.78701,0.9989,39.46
B0018,1,36.324,4.1464,-2.0,0.80719,0.9989,38.87
B0018,1,37.232,4.1497,-2.0,0.82737,0.9989,38.53
B0018,1,38.14,4.1547,-2.0,0.84755,0.9989,40.06
B0018,1,39.048,4.152,-2.0,0.86773,0.9989,39.53
B0018,1,39.956,4.148,-2.0,0.88791,0.9989,40.29
B0018,1,40.864,4.144,-2.0,0.90809,0.9989,39.64
B0018,1,41.772,4.1454,-2.0,0.92827,0.9989,39.11
B0018,1,42.68,4.1391,-2.0,0.94845,0.9989,41.34
B0018,1,43.588,4.1461,-2.0,0.96863,0.9989,41.16
B0018,1,44.496,4.1547,-2.0,0.98881,0.9989,38.71
B0018,1,45.405,4.1437,-2.0,1.00899,0.9989,42.56
B0018,1,46.313,4.1575,-2.0,1.02917,0.9989,39.97
B0018,1,47.221,4.1496,-2.0,1.04935,0.9989,39.37
B0018,1,48.129,4.1499,-2.0,1.06953,0.9989,39.28
B0018,1,49.037,4.1368,-2.0,1.08971,0.9989,38.68
B0018,1,49.945,4.1459,-2.0,1.10989,0.9989,38.87
B0018,1,50.853,4.1439,-2.0,1.13007,0.9989,38.93
B0018,1,51.761,4.1383,-2.0,1.15025,0.9989,40.85
B0018,1,52.669,4.1406,-2.0,1.17043,0.9989,39.99
B0018,1,53.577,4.14,-2.0,1.19061,0.9989,40.48
B0018,1,54.485,4.1376,-2.0,1.21079,0.9989,39.54
B0018,1,55.394,4.1212,-2.0,1.23097,0.9989,38.7
B0018,1,56.302,4.1118,-2.0,1.25115,0.9989,40.96
B0018,1,57.21,4.1078,-2.0,1.27133,0.9989,40.96
B0018,1,58.118,4.0753,-2.0,1.29151,0.9989,41.08
B0018,1,59.026,4.0525,-2.0,1.31169,0.9989,40.9
B0018,1,59.934,4.0302,-2.0,1.33187,0.9989,40.7
B0018,1,60.842,3.9867,-2.0,1.35205,0.9989,41.17
B0018,1,61.75,3.9365,-2.0,1.37223,0.9989,39.33
B0018,1,62.658,3.8765,-2.0,1.39241,0.9989,38.25
B0018,1,63.566,3.8055,-2.0,1.41259,0.9989,41.81
B0018,1,64.474,3.7272,-2.0,1.43277,0.9989,40.1
B0018,1,65.383,3.6146,-2.0,1.45295,0.9989,40.23
B0018,1,66.291,3.4957,-2.0,1.47313,0.9989,39.66
B0018,1,67.199,3.3718,-2.0,1.49331,0.9989,40.54
B0018,1,68.107,3.2446,-2.0,1.51349,0.9989,39.92
B0018,1,69.015,3.1286,-2.0,1.53367,0.9989,40.83
B0018,1,69.923,3.0147,-2.0,1.55385,0.9989,39.95
B0018,1,70.831,2.9336,-2.0,1.57403,0.9989,41.16
B0018,1,71.739,2.8494,-2.0,1.59421,0.9989,40.02
B0018,1,72.647,2.7773,-2.0,1.61438,0.9989,41.0
B0018,1,73.555,2.7298,-2.0,1.63456,0.9989,38.05
B0018,1,74.463,2.6733,-2.0,1.65474,0.9989,41.31
B0018,1,75.372,2.646,-2.0,1.67492,0.9989,39.33
B0018,1,76.28,2.6164,-2.0,1.6951,0.9989,39.44
B0018,1,77.188,2.5969,-2.0,1.71528,0.9989,42.09
B0018,1,78.096,2.5898,-2.0,1.73546,0.9989,39.94
B0018,1,79.004,2.5824,-2.0,1.75564,0.9989,40.96
B0018,1,79.912,2.5765,-2.0,1.77582,0.9989,41.07
B0018,1,80.82,2.5628,-2.0,1.796,0.9989,39.7
B0018,1,81.728,2.5656,-2.0,1.81618,0.9989,39.47
B0018,1,82.636,2.5586,-2.0,1.83636,0.9989,40.4
B0018,1,83.544,2.5603,-2.0,1.85654,0.9989,38.22
B0018,1,84.453,2.5582,-2.0,1.87672,0.9989,39.77
B0018,1,85.361,2.557,-2.0,1.8969,0.9989,40.78
B0018,1,86.269,2.5606,-2.0,1.91708,0.9989,41.35
B0018,1,87.177,2.5586,-2.0,1.93726,0.9989,41.44
B0018,1,88.085,2.5528,-2.0,1.95744,0.9989,40.03
B0018,1,88.993,2.5554,-2.0,1.97762,0.9989,40.73
B0018,1,89.901,2.5492,-2.0,1.9978,0.9989,40.4
B0018,33,0.0,4.1498,-2.0,0.0,0.9644,39.15
B0018,33,0.877,4.1565,-2.0,0.01948,0.9644,40.06
B0018,33,1.753,4.1602,-2.0,0.03896,0.9644,38.37
B0018,33,2.63,4.1472,-2.0,0.05845,0.9644,40.03
B0018,33,3.507,4.1557,-2.0,0.07793,0.9644,40.4
B0018,33,4.383,4.1516,-2.0,0.09741,0.9644,38.87
B0018,33,5.26,4.1442,-2.0,0.11689,0.9644,40.32
B0018,33,6.137,4.1432,-2.0,0.13637,0.9644,39.47
B0018,33,7.013,4.1525,-2.0,0.15585,0.9644,39.02
B0018,33,7.89,4.158,-2.0,0.17534,0.9644,41.22
B0018,33,8.767,4.1421,-2.0,0.19482,0.9644,39.07
B0018,33,9.644,4.1386,-2.0,0.2143,0.9644,39.22
B0018,33,10.52,4.1538,-2.0,0.23378,0.9644,39.59
B0018,33,11.397,4.1523,-2.0,0.25326,0.9644,38.48
B0018,33,12.274,4.154,-2.0,0.27275,0.9644,39.44
B0018,33,13.15,4.1501,-2.0,0.29223,0.9644,39.91
B0018,33,14.027,4.1436,-2.0,0.31171,0.9644,38.85
B0018,33,14.904,4.1548,-2.0,0.33119,0.9644,40.4
B0018,33,15.78,4.1552,-2.0,0.35067,0.9644,40.32
B0018,33,16.657,4.1507,-2.0,0.37015,0.9644,38.27
B0018,33,17.534,4.1486,-2.0,0.38964,0.9644,39.97
B0018,33,18.41,4.1598,-2.0,0.40912,0.9644,40.69
B0018,33,19.287,4.1577,-2.0,0.4286,0.9644,40.6
B0018,33,20.164,4.1464,-2.0,0.44808,0.9644,40.12
B0018,33,21.04,4.1512,-2.0,0.46756,0.9644,39.06
B0018,33,21.917,4.1481,-2.0,0.48705,0.9644,39.79
B0018,33,22.794,4.158,-2.0,0.50653,0.9644,37.92
B0018,33,23.67,4.156,-2.0,0.52601,0.9644,39.06
B0018,33,24.547,4.1431,-2.0,0.54549,0.9644,41.18
B0018,33,25.424,4.1536,-2.0,0.56497,0.9644,41.25
B0018,33,26.3,4.154,-2.0,0.58446,0.9644,42.06
B0018,33,27.177,4.1528,-2.0,0.60394,0.9644,39.84
B0018,33,28.054,4.1517,-2.0,0.62342,0.9644,41.24
B0018,33,28.931,4.1461,-2.0,0.6429,0.9644,39.35
B0018,33,29.807,4.1484,-2.0,0.66238,0.9644,37.9
B0018,33,30.684,4.1506,-2.0,0.68186,0.9644,38.11
B0018,33,31.561,4.1502,-2.0,0.70135,0.9644,40.87
B0018,33,32.437,4.1475,-2.0,0.72083,0.9644,41.68
B0018,33,33.314,4.1426,-2.0,0.74031,0.9644,41.19
B0018,33,34.191,4.1532,-2.0,0.75979,0.9644,38.28
B0018,33,35.067,4.1633,-2.0,0.77927,0.9644,39.94
B0018,33,35.944,4.1453,-2.0,0.79876,0.9644,38.59
B0018,33,36.821,4.1485,-2.0,0.81824,0.9644,39.87
B0018,33,37.697,4.15,-2.0,0.83772,0.9644,39.7
B0018,33,38.574,4.1525,-2.0,0.8572,0.9644,39.61
B0018,33,39.451,4.1394,-2.0,0.87668,0.9644,39.85
B0018,33,40.327,4.137,-2.0,0.89616,0.9644,40.35
B0018,33,41.204,4.1435,-2.0,0.91565,0.9644,40.16
B0018,33,42.081,4.1545,-2.0,0.93513,0.9644,39.05
B0018,33,42.957,4.1526,-2.0,0.95461,0.9644,39.57
B0018,33,43.834,4.1551,-2.0,0.97409,0.9644,39.63
B0018,33,44.711,4.141,-2.0,0.99357,0.9644,40.69
B0018,33,45.587,4.1415,-2.0,1.01306,0.9644,39.16
B0018,33,46.464,4.1392,-2.0,1.03254,0.9644,39.96
B0018,33,47.341,4.1456,-2.0,1.05202,0.9644,38.07
B0018,33,48.218,4.1354,-2.0,1.0715,0.9644,40.62
B0018,33,49.094,4.1315,-2.0,1.09098,0.9644,41.31
B0018,33,49.971,4.1239,-2.0,1.11046,0.9644,39.82
B0018,33,50.848,4.1191,-2.0,1.12995,0.9644,40.1
B0018,33,51.724,4.1034,-2.0,1.14943,0.9644,40.52
B0018,33,52.601,4.0882,-2.0,1.16891,0.9644,39.39
B0018,33,53.478,4.0706,-2.0,1.18839,0.9644,41.35
B0018,33,54.354,4.0337,-2.0,1.20787,0.9644,40.4
B0018,33,55.231,4.0201,-2.0,1.22736,0.9644,38.32
B0018,33,56.108,3.9835,-2.0,1.24684,0.9644,40.48
B0018,33,56.984,3.9376,-2.0,1.26632,0.9644,37.35
B0018,33,57.861,3.8833,-2.0,1.2858,0.9644,39.26
B0018,33,58.738,3.81,-2.0,1.30528,0.9644,40.74
B0018,33,59.614,3.7201,-2.0,1.32476,0.9644,40.66
B0018,33,60.491,3.629,-2.0,1.34425,0.9644,37.93
B0018,33,61.368,3.5335,-2.0,1.36373,0.9644,39.22
B0018,33,62.244,3.4135,-2.0,1.38321,0.9644,39.6
B0018,33,63.121,3.3067,-2.0,1.40269,0.9644,39.94
B0018,33,63.998,3.1973,-2.0,1.42217,0.9644,38.66
B0018,33,64.875,3.0859,-2.0,1.44166,0.9644,39.88
B0018,33,65.751,3.0034,-2.0,1.46114,0.9644,39.89
B0018,33,66.628,2.9148,-2.0,1.48062,0.9644,40.04
B0018,33,67.505,2.8345,-2.0,1.5001,0.9644,39.75
B0018,33,68.381,2.7756,-2.0,1.51958,0.9644,40.6
B0018,33,69.258,2.7338,-2.0,1.53907,0.9644,40.36
B0018,33,70.135,2.6932,-2.0,1.55855,0.9644,39.04
B0018,33,71.011,2.6537,-2.0,1.57803,0.9644,39.28
B0018,33,71.888,2.6327,-2.0,1.59751,0.9644,39.64
B0018,33,72.765,2.6156,-2.0,1.61699,0.9644,39.07
B0018,33,73.641,2.5974,-2.0,1.63647,0.9644,40.69
B0018,33,74.518,2.5755,-2.0,1.65596,0.9644,42.12
B0018,33,75.395,2.5758,-2.0,1.67544,0.9644,37.97
B0018,33,76.271,2.5714,-2.0,1.69492,0.9644,40.03
B0018,33,77.148,2.5652,-2.0,1.7144,0.9644,40.99
B0018,33,78.025,2.5655,-2.0,1.73388,0.9644,40.3
B0018,33,78.901,2.5612,-2.0,1.75337,0.9644,39.9
B0018,33,79.778,2.5656,-2.0,1.77285,0.9644,38.52
B0018,33,80.655,2.5558,-2.0,1.79233,0.9644,40.07
B0018,33,81.531,2.5579,-2.0,1.81181,0.9644,39.16
B0018,33,82.408,2.5442,-2.0,1.83129,0.9644,40.16
B0018,33,83.285,2.5536,-2.0,1.85077,0.9644,41.49
B0018,33,84.162,2.5453,-2.0,1.87026,0.9644,41.15
B0018,33,85.038,2.5631,-2.0,1.88974,0.9644,39.62
B0018,33,85.915,2.5445,-2.0,1.90922,0.9644,39.59
B0018,33,86.792,2.5508,-2.0,1.9287,0.9644,40.56
B0018,66,0.0,4.147,-2.0,0.0,0.93,41.56
B0018,66,0.845,4.1444,-2.0,0.01879,0.93,38.26
B0018,66,1.691,4.1555,-2.0,0.03757,0.93,37.73
B0018,66,2.536,4.149,-2.0,0.05636,0.93,43.12
B0018,66,3.382,4.1499,-2.0,0.07515,0.93,38.88
B0018,66,4.227,4.1497,-2.0,0.09394,0.93,39.95
B0018,66,5.073,4.1508,-2.0,0.11272,0.93,40.66
B0018,66,5.918,4.1448,-2.0,0.13151,0.93,41.69
B0018,66,6.763,4.1512,-2.0,0.1503,0.93,40.73
B0018,66,7.609,4.1469,-2.0,0.16909,0.93,41.29
B0018,66,8.454,4.1487,-2.0,0.18787,0.93,40.28
B0018,66,9.3,4.1453,-2.0,0.20666,0.93,39.0
B0018,66,10.145,4.1534,-2.0,0.22545,0.93,39.56
B0018,66,10.991,4.1457,-2.0,0.24424,0.93,39.36
B0018,66,11.836,4.1535,-2.0,0.26302,0.93,39.37
B0018,66,12.681,4.1494,-2.0,0.28181,0.93,40.02
B0018,66,13.527,4.1404,-2.0,0.3006,0.93,38.53
B0018,66,14.372,4.1517,-2.0,0.31938,0.93,39.26
B0018,66,15.218,4.1553,-2.0,0.33817,0.93,40.97
B0018,66,16.063,4.1536,-2.0,0.35696,0.93,41.82
B0018,66,16.909,4.1496,-2.0,0.37575,0.93,40.65
B0018,66,17.754,4.1471,-2.0,0.39453,0.93,42.45
B0018,66,18.599,4.1599,-2.0,0.41332,0.93,40.01
B0018,66,19.445,4.1519,-2.0,0.43211,0.93,41.36
B0018,66,20.29,4.1493,-2.0,0.4509,0.93,39.34
B0018,66,21.136,4.1544,-2.0,0.46968,0.93,40.08
B0018,66,21.981,4.1509,-2.0,0.48847,0.93,39.17
B0018,66,22.827,4.1414,-2.0,0.50726,0.93,40.24
B0018,66,23.672,4.1545,-2.0,0.52605,0.93,39.77
B0018,66,24.517,4.1571,-2.0,0.54483,0.93,39.3
B0018,66,25.363,4.1447,-2.0,0.56362,0.93,39.93
B0018,66,26.208,4.1495,-2.0,0.58241,0.93,40.77
B0018,66,27.054,4.146,-2.0,0.60119,0.93,41.37
B0018,66,27.899,4.1597,-2.0,0.61998,0.93,39.96
B0018,66,28.745,4.1561,-2.0,0.63877,0.93,38.94
B0018,66,29.59,4.1551,-2.0,0.65756,0.93,41.05
B0018,66,30.435,4.154,-2.0,0.67634,0.93,39.98
B0018,66,31.281,4.1348,-2.0,0.69513,0.93,39.36
B0018,66,32.126,4.1463,-2.0,0.71392,0.93,39.02
B0018,66,32.972,4.1499,-2.0,0.73271,0.93,39.58
B0018,66,33.817,4.145,-2.0,0.75149,0.93,38.94
B0018,66,34.663,4.1453,-2.0,0.77028,0.93,41.12
B0018,66,35.508,4.1452,-2.0,0.78907,0.93,39.49
B0018,66,36.353,4.1458,-2.0,0.80786,0.93,40.34
B0018,66,37.199,4.1498,-2.0,0.82664,0.93,36.96
B0018,66,38.044,4.1519,-2.0,0.84543,0.93,41.44
B0018,66,38.89,4.1406,-2.0,0.86422,0.93,39.03
B0018,66,39.735,4.1424,-2.0,0.883,0.93,39.24
B0018,66,40.581,4.1442,-2.0,0.90179,0.93,38.05
B0018,66,41.426,4.1355,-2.0,0.92058,0.93,41.54
B0018,66,42.271,4.1338,-2.0,0.93937,0.93,41.24
B0018,66,43.117,4.1369,-2.0,0.95815,0.93,38.19
B0018,66,43.962,4.1339,-2.0,0.97694,0.93,39.88
B0018,66,44.808,4.1229,-2.0,0.99573,0.93,40.24
B0018,66,45.653,4.1204,-2.0,1.01452,0.93,40.71
B0018,66,46.499,4.1147,-2.0,1.0333,0.93,40.41
B0018,66,47.344,4.0902,-2.0,1.05209,0.93,39.53
B0018,66,48.189,4.0968,-2.0,1.07088,0.93,40.72
B0018,66,49.035,4.075,-2.0,1.08967,0.93,41.4
B0018,66,49.88,4.0405,-2.0,1.10845,0.93,40.3
B0018,66,50.726,4.0093,-2.0,1.12724,0.93,38.26
B0018,66,51.571,3.9727,-2.0,1.14603,0.93,41.21
B0018,66,52.417,3.9245,-2.0,1.16481,0.93,40.41
B0018,66,53.262,3.8774,-2.0,1.1836,0.93,39.09
B0018,66,54.108,3.8067,-2.0,1.20239,0.93,38.98
B0018,66,54.953,3.7303,-2.0,1.22118,0.93,38.71
B0018,66,55.798,3.6456,-2.0,1.23996,0.93,41.42
B0018,66,56.644,3.5527,-2.0,1.25875,0.93,40.13
B0018,66,57.489,3.4555,-2.0,1.27754,0.93,41.18
B0018,66,58.335,3.3618,-2.0,1.29633,0.93,40.86
B0018,66,59.18,3.2538,-2.0,1.31511,0.93,39.77
B0018,66,60.026,3.1466,-2.0,1.3339,0.93,41.94
B0018,66,60.871,3.0551,-2.0,1.35269,0.93,40.66
B0018,66,61.716,2.979,-2.0,1.37147,0.93,39.44
B0018,66,62.562,2.9033,-2.0,1.39026,0.93,40.76
B0018,66,63.407,2.8415,-2.0,1.40905,0.93,39.53
B0018,66,64.253,2.7711,-2.0,1.42784,0.93,39.49
B0018,66,65.098,2.7326,-2.0,1.44662,0.93,40.06
B0018,66,65.944,2.692,-2.0,1.46541,0.93,38.09
B0018,66,66.789,2.6658,-2.0,1.4842,0.93,41.97
B0018,66,67.634,2.6414,-2.0,1.50299,0.93,40.61
B0018,66,68.48,2.6225,-2.0,1.52177,0.93,40.4
B0018,66,69.325,2.609,-2.0,1.54056,0.93,40.4
B0018,66,70.171,2.5907,-2.0,1.55935,0.93,39.2
B0018,66,71.016,2.5816,-2.0,1.57814,0.93,40.31
B0018,66,71.862,2.5739,-2.0,1.59692,0.93,40.31
B0018,66,72.707,2.5719,-2.0,1.61571,0.93,40.83
B0018,66,73.552,2.5717,-2.0,1.6345,0.93,40.08
B0018,66,74.398,2.5553,-2.0,1.65328,0.93,39.65
B0018,66,75.243,2.5594,-2.0,1.67207,0.93,38.16
B0018,66,76.089,2.564,-2.0,1.69086,0.93,40.14
B0018,66,76.934,2.5574,-2.0,1.70965,0.93,41.37
B0018,66,77.78,2.5511,-2.0,1.72843,0.93,40.57
B0018,66,78.625,2.5527,-2.0,1.74722,0.93,39.82
B0018,66,79.47,2.5487,-2.0,1.76601,0.93,41.67
B0018,66,80.316,2.5501,-2.0,1.7848,0.93,40.7
B0018,66,81.161,2.5421,-2.0,1.80358,0.93,41.18
B0018,66,82.007,2.5564,-2.0,1.82237,0.93,40.1
B0018,66,82.852,2.5498,-2.0,1.84116,0.93,40.4
B0018,66,83.698,2.5621,-2.0,1.85995,0.93,38.24
B0018,99,0.0,4.1539,-2.0,0.0,0.8968,39.09
B0018,99,0.815,4.1499,-2.0,0.01812,0.8968,39.75
B0018,99,1.631,4.1479,-2.0,0.03624,0.8968,39.99
B0018,99,2.446,4.1443,-2.0,0.05435,0.8968,41.03
B0018,99,3.261,4.141,-2.0,0.07247,0.8968,40.54
B0018,99,4.076,4.1484,-2.0,0.09059,0.8968,38.83
B0018,99,4.892,4.151,-2.0,0.10871,0.8968,38.44
B0018,99,5.707,4.1502,-2.0,0.12682,0.8968,38.58
B0018,99,6.522,4.1523,-2.0,0.14494,0.8968,39.08
B0018,99,7.338,4.1477,-2.0,0.16306,0.8968,40.29
B0018,99,8.153,4.1461,-2.0,0.18118,0.8968,39.94
B0018,99,8.968,4.1424,-2.0,0.19929,0.8968,40.63
B0018,99,9.783,4.1588,-2.0,0.21741,0.8968,42.79
B0018,99,10.599,4.1505,-2.0,0.23553,0.8968,40.79
B0018,99,11.414,4.1411,-2.0,0.25365,0.8968,41.5
B0018,99,12.229,4.1539,-2.0,0.27176,0.8968,39.52
B0018,99,13.045,4.1562,-2.0,0.28988,0.8968,39.75
B0018,99,13.86,4.1477,-2.0,0.308,0.8968,40.48
B0018,99,14.675,4.1447,-2.0,0.32612,0.8968,41.02
B0018,99,15.491,4.1447,-2.0,0.34423,0.8968,38.95
B0018,99,16.306,4.1454,-2.0,0.36235,0.8968,40.76
B0018,99,17.121,4.1469,-2.0,0.38047,0.8968,38.65
B0018,99,17.936,4.1469,-2.0,0.39859,0.8968,39.97
B0018,99,18.752,4.144,-2.0,0.4167,0.8968,38.85
B0018,99,19.567,4.1605,-2.0,0.43482,0.8968,39.14
B0018,99,20.382,4.1483,-2.0,0.45294,0.8968,39.63
B0018,99,21.198,4.1478,-2.0,0.47106,0.8968,40.62
B0018,99,22.013,4.1546,-2.0,0.48917,0.8968,39.69
B0018,99,22.828,4.1437,-2.0,0.50729,0.8968,41.27
B0018,99,23.643,4.1493,-2.0,0.52541,0.8968,41.73
B0018,99,24.459,4.1385,-2.0,0.54353,0.8968,40.2
B0018,99,25.274,4.1593,-2.0,0.56164,0.8968,39.65
B0018,99,26.089,4.1485,-2.0,0.57976,0.8968,40.3
B0018,99,26.905,4.1467,-2.0,0.59788,0.8968,39.69
B0018,99,27.72,4.1477,-2.0,0.616,0.8968,39.37
B0018,99,28.535,4.1553,-2.0,0.63412,0.8968,40.46
B0018,99,29.35,4.1502,-2.0,0.65223,0.8968,40.81
B0018,99,30.166,4.1473,-2.0,0.67035,0.8968,39.23
B0018,99,30.981,4.1453,-2.0,0.68847,0.8968,40.0
B0018,99,31.796,4.1425,-2.0,0.70659,0.8968,39.5
B0018,99,32.612,4.1447,-2.0,0.7247,0.8968,42.12
B0018,99,33.427,4.1327,-2.0,0.74282,0.8968,39.82
B0018,99,34.242,4.1542,-2.0,0.76094,0.8968,40.12
B0018,99,35.058,4.1482,-2.0,0.77906,0.8968,40.1
B0018,99,35.873,4.1395,-2.0,0.79717,0.8968,37.76
B0018,99,36.688,4.142,-2.0,0.81529,0.8968,39.22
B0018,99,37.503,4.1345,-2.0,0.83341,0.8968,39.5
B0018,99,38.319,4.1442,-2.0,0.85153,0.8968,42.4
B0018,99,39.134,4.1327,-2.0,0.86964,0.8968,39.54
B0018,99,39.949,4.1208,-2.0,0.88776,0.8968,40.47
B0018,99,40.765,4.1294,-2.0,0.90588,0.8968,39.75
B0018,99,41.58,4.1008,-2.0,0.924,0.8968,40.67
B0018,99,42.395,4.1078,-2.0,0.94211,0.8968,38.41
B0018,99,43.21,4.0914,-2.0,0.96023,0.8968,40.45
B0018,99,44.026,4.0748,-2.0,0.97835,0.8968,39.21
B0018,99,44.841,4.0612,-2.0,0.99647,0.8968,39.6
B0018,99,45.656,4.0252,-2.0,1.01458,0.8968,37.95
B0018,99,46.472,4.0101,-2.0,1.0327,0.8968,40.62
B0018,99,47.287,3.9691,-2.0,1.05082,0.8968,39.56
B0018,99,48.102,3.9238,-2.0,1.06894,0.8968,38.92
B0018,99,48.917,3.8741,-2.0,1.08705,0.8968,37.88
B0018,99,49.733,3.8139,-2.0,1.10517,0.8968,39.69
B0018,99,50.548,3.7532,-2.0,1.12329,0.8968,39.96
B0018,99,51.363,3.6781,-2.0,1.14141,0.8968,41.35
B0018,99,52.179,3.5957,-2.0,1.15952,0.8968,40.47
B0018,99,52.994,3.5005,-2.0,1.17764,0.8968,39.02
B0018,99,53.809,3.41,-2.0,1.19576,0.8968,41.68
B0018,99,54.624,3.3124,-2.0,1.21388,0.8968,41.92
B0018,99,55.44,3.2085,-2.0,1.232,0.8968,38.85
B0018,99,56.255,3.1295,-2.0,1.25011,0.8968,40.26
B0018,99,57.07,3.0468,-2.0,1.26823,0.8968,39.98
B0018,99,57.886,2.9584,-2.0,1.28635,0.8968,39.79
B0018,99,58.701,2.8861,-2.0,1.30447,0.8968,38.87
B0018,99,59.516,2.8384,-2.0,1.32258,0.8968,40.87
B0018,99,60.332,2.7837,-2.0,1.3407,0.8968,38.28
B0018,99,61.147,2.7365,-2.0,1.35882,0.8968,38.78
B0018,99,61.962,2.7079,-2.0,1.37694,0.8968,39.42
B0018,99,62.777,2.6667,-2.0,1.39505,0.8968,40.03
B0018,99,63.593,2.6445,-2.0,1.41317,0.8968,41.48
B0018,99,64.408,2.6242,-2.0,1.43129,0.8968,38.6
B0018,99,65.223,2.6012,-2.0,1.44941,0.8968,39.97
B0018,99,66.039,2.5963,-2.0,1.46752,0.8968,38.57
B0018,99,66.854,2.5949,-2.0,1.48564,0.8968,40.67
B0018,99,67.669,2.5807,-2.0,1.50376,0.8968,41.36
B0018,99,68.484,2.5777,-2.0,1.52188,0.8968,39.18
B0018,99,69.3,2.564,-2.0,1.53999,0.8968,40.82
B0018,99,70.115,2.5671,-2.0,1.55811,0.8968,40.17
B0018,99,70.93,2.5577,-2.0,1.57623,0.8968,40.61
B0018,99,71.746,2.5556,-2.0,1.59435,0.8968,39.9
B0018,99,72.561,2.5647,-2.0,1.61246,0.8968,39.34
B0018,99,73.376,2.548,-2.0,1.63058,0.8968,38.95
B0018,99,74.191,2.5596,-2.0,1.6487,0.8968,40.25
B0018,99,75.007,2.553,-2.0,1.66682,0.8968,39.49
B0018,99,75.822,2.5553,-2.0,1.68493,0.8968,39.15
B0018,99,76.637,2.5538,-2.0,1.70305,0.8968,39.27
B0018,99,77.453,2.5473,-2.0,1.72117,0.8968,39.36
B0018,99,78.268,2.5495,-2.0,1.73929,0.8968,39.95
B0018,99,79.083,2.5523,-2.0,1.75741,0.8968,36.31
B0018,99,79.899,2.5468,-2.0,1.77552,0.8968,39.61
B0018,99,80.714,2.5582,-2.0,1.79364,0.8968,38.92
B0018,132,0.0,4.1508,-2.0,0.0,0.8648,41.5
B0018,132,0.786,4.1434,-2.0,0.01747,0.8648,40.39
B0018,132,1.572,4.146,-2.0,0.03494,0.8648,39.5
B0018,132,2.359,4.146,-2.0,0.05242,0.8648,39.27
B0018,132,3.145,4.1636,-2.0,0.06989,0.8648,40.84
B0018,132,3.931,4.1555,-2.0,0.08736,0.8648,40.49
B0018,132,4.717,4.142,-2.0,0.10483,0.8648,40.39
B0018,132,5.504,4.1554,-2.0,0.1223,0.8648,39.15
B0018,132,6.29,4.1548,-2.0,0.13977,0.8648,40.7
B0018,132,7.076,4.1593,-2.0,0.15725,0.8648,39.58
B0018,132,7.862,4.1445,-2.0,0.17472,0.8648,39.64
B0018,132,8.648,4.1572,-2.0,0.19219,0.8648,38.17
B0018,132,9.435,4.1396,-2.0,0.20966,0.8648,40.09
B0018,132,10.221,4.1478,-2.0,0.22713,0.8648,40.01
B0018,132,11.007,4.1547,-2.0,0.2446,0.8648,39.45
B0018,132,11.793,4.1406,-2.0,0.26208,0.8648,42.04
B0018,132,12.58,4.145,-2.0,0.27955,0.8648,38.94
B0018,132,13.366,4.1555,-2.0,0.29702,0.8648,39.62
B0018,132,14.152,4.1496,-2.0,0.31449,0.8648,40.48
B0018,132,14.938,4.1554,-2.0,0.33196,0.8648,39.67
B0018,132,15.725,4.1575,-2.0,0.34943,0.8648,37.86
B0018,132,16.511,4.1537,-2.0,0.36691,0.8648,39.16
B0018,132,17.297,4.1567,-2.0,0.38438,0.8648,40.14
B0018,132,18.083,4.1465,-2.0,0.40185,0.8648,40.66
B0018,132,18.869,4.1543,-2.0,0.41932,0.8648,40.64
B0018,132,19.656,4.1446,-2.0,0.43679,0.8648,39.52
B0018,132,20.442,4.1497,-2.0,0.45426,0.8648,39.96
B0018,132,21.228,4.1534,-2.0,0.47174,0.8648,37.99
B0018,132,22.014,4.1512,-2.0,0.48921,0.8648,39.71
B0018,132,22.801,4.1452,-2.0,0.50668,0.8648,39.26
B0018,132,23.587,4.1482,-2.0,0.52415,0.8648,36.4
B0018,132,24.373,4.1455,-2.0,0.54162,0.8648,39.12
B0018,132,25.159,4.1515,-2.0,0.55909,0.8648,39.19
B0018,132,25.945,4.1474,-2.0,0.57657,0.8648,41.54
B0018,132,26.732,4.1531,-2.0,0.59404,0.8648,40.9
B0018,132,27.518,4.1452,-2.0,0.61151,0.8648,40.54
B0018,132,28.304,4.1459,-2.0,0.62898,0.8648,39.8
B0018,132,29.09,4.1484,-2.0,0.64645,0.8648,39.4
B0018,132,29.877,4.1529,-2.0,0.66392,0.8648,39.84
B0018,132,30.663,4.1474,-2.0,0.6814,0.8648,41.46
B0018,132,31.449,4.1481,-2.0,0.69887,0.8648,38.59
B0018,132,32.235,4.1434,-2.0,0.71634,0.8648,40.85
B0018,132,33.022,4.1434,-2.0,0.73381,0.8648,38.89
B0018,132,33.808,4.1329,-2.0,0.75128,0.8648,40.99
B0018,132,34.594,4.129,-2.0,0.76875,0.8648,39.7
B0018,132,35.38,4.1364,-2.0,0.78623,0.8648,39.95
B0018,132,36.166,4.1196,-2.0,0.8037,0.8648,39.12
B0018,132,36.953,4.1183,-2.0,0.82117,0.8648,38.67
B0018,132,37.739,4.1073,-2.0,0.83864,0.8648,40.33
B0018,132,38.525,4.1049,-2.0,0.85611,0.8648,40.67
B0018,132,39.311,4.0825,-2.0,0.87359,0.8648,41.18
B0018,132,40.098,4.0693,-2.0,0.89106,0.8648,38.76
B0018,132,40.884,4.0513,-2.0,0.90853,0.8648,41.44
B0018,132,41.67,4.0303,-2.0,0.926,0.8648,40.01
B0018,132,42.456,4.0103,-2.0,0.94347,0.8648,38.57
B0018,132,43.242,3.9628,-2.0,0.96094,0.8648,38.38
B0018,132,44.029,3.932,-2.0,0.97842,0.8648,40.17
B0018,132,44.815,3.8919,-2.0,0.99589,0.8648,40.24
B0018,132,45.601,3.8289,-2.0,1.01336,0.8648,40.0
B0018,132,46.387,3.7705,-2.0,1.03083,0.8648,38.33
B0018,132,47.174,3.7149,-2.0,1.0483,0.8648,40.52
B0018,132,47.96,3.6269,-2.0,1.06577,0.8648,40.62
B0018,132,48.746,3.5477,-2.0,1.08325,0.8648,39.86
B0018,132,49.532,3.4549,-2.0,1.10072,0.8648,40.6
B0018,132,50.319,3.3712,-2.0,1.11819,0.8648,39.19
B0018,132,51.105,3.2871,-2.0,1.13566,0.8648,40.29
B0018,132,51.891,3.1961,-2.0,1.15313,0.8648,41.39
B0018,132,52.677,3.1088,-2.0,1.1706,0.8648,40.32
B0018,132,53.463,3.0344,-2.0,1.18808,0.8648,39.28
B0018,132,54.25,2.9589,-2.0,1.20555,0.8648,40.13
B0018,132,55.036,2.8896,-2.0,1.22302,0.8648,42.32
B0018,132,55.822,2.8308,-2.0,1.24049,0.8648,38.7
B0018,132,56.608,2.7953,-2.0,1.25796,0.8648,40.71
B0018,132,57.395,2.7416,-2.0,1.27543,0.8648,40.61
B0018,132,58.181,2.7187,-2.0,1.29291,0.8648,39.97
B0018,132,58.967,2.6946,-2.0,1.31038,0.8648,38.28
B0018,132,59.753,2.6605,-2.0,1.32785,0.8648,41.17
B0018,132,60.539,2.6412,-2.0,1.34532,0.8648,39.8
B0018,132,61.326,2.6187,-2.0,1.36279,0.8648,40.44
B0018,132,62.112,2.6107,-2.0,1.38026,0.8648,40.6
B0018,132,62.898,2.6008,-2.0,1.39774,0.8648,38.98
B0018,132,63.684,2.5855,-2.0,1.41521,0.8648,39.06
B0018,132,64.471,2.5775,-2.0,1.43268,0.8648,41.02
B0018,132,65.257,2.5742,-2.0,1.45015,0.8648,42.61
B0018,132,66.043,2.5699,-2.0,1.46762,0.8648,40.06
B0018,132,66.829,2.5657,-2.0,1.48509,0.8648,39.36
B0018,132,67.615,2.5619,-2.0,1.50257,0.8648,41.13
B0018,132,68.402,2.5603,-2.0,1.52004,0.8648,39.21
B0018,132,69.188,2.5532,-2.0,1.53751,0.8648,39.55
B0018,132,69.974,2.5566,-2.0,1.55498,0.8648,41.19
B0018,132,70.76,2.5483,-2.0,1.57245,0.8648,39.68
B0018,132,71.547,2.5547,-2.0,1.58992,0.8648,38.17
B0018,132,72.333,2.549,-2.0,1.6074,0.8648,39.32
B0018,132,73.119,2.5486,-2.0,1.62487,0.8648,40.19
B0018,132,73.905,2.5512,-2.0,1.64234,0.8648,39.44
B0018,132,74.692,2.5538,-2.0,1.65981,0.8648,41.72
B0018,132,75.478,2.5595,-2.0,1.67728,0.8648,38.08
B0018,132,76.264,2.5539,-2.0,1.69476,0.8648,39.82
B0018,132,77.05,2.5516,-2.0,1.71223,0.8648,39.6
B0018,132,77.836,2.5513,-2.0,1.7297,0.8648,40.15
